id,productId,imageUrl,altText,sortOrder
30c68f21-eefd-444b-8257-e89cb1952466,6c570d91-abec-421e-8efa-517e096eaade,https://images.example.com/products/SMA-7046_1.jpg,Product image 1 of SMA-7046,0
3849433c-38a7-424f-9481-6adc3b57aec8,29ce6472-c149-4bdd-a4cd-bec877991284,https://images.example.com/products/SMA-4164_1.jpg,Product image 1 of SMA-4164,0
0a17828d-4307-4df9-ab6f-939fff89f80f,29ce6472-c149-4bdd-a4cd-bec877991284,https://images.example.com/products/SMA-4164_2.jpg,Product image 2 of SMA-4164,1
aecb9caa-1d83-4a1a-a7c6-489d33ef2b2f,29ce6472-c149-4bdd-a4cd-bec877991284,https://images.example.com/products/SMA-4164_3.jpg,Product image 3 of SMA-4164,2
f2815076-d4eb-404f-8cf9-2ae8d73966d2,f6a03f62-b489-4f2d-a650-3cbd9de1104a,https://images.example.com/products/SMA-3955_1.jpg,Product image 1 of SMA-3955,0
396c80ff-e6f9-4a53-b28a-902f48871ba4,f6a03f62-b489-4f2d-a650-3cbd9de1104a,https://images.example.com/products/SMA-3955_2.jpg,Product image 2 of SMA-3955,1
4c9c3136-c890-44e8-96ec-a7806f7aee5d,ee4671d6-ed1e-49ed-963f-33095b67302a,https://images.example.com/products/SMA-6299_1.jpg,Product image 1 of SMA-6299,0
64f54574-c62d-41a3-b190-2c2c5661f3a6,ee4671d6-ed1e-49ed-963f-33095b67302a,https://images.example.com/products/SMA-6299_2.jpg,Product image 2 of SMA-6299,1
edd31878-4d69-4a7e-9e2e-cc8301e18060,698fa845-3e39-4942-aa82-88f4a12d5f7f,https://images.example.com/products/SMA-9480_1.jpg,Product image 1 of SMA-9480,0
ad4ed270-58e5-4816-926f-31d6d8138b9d,698fa845-3e39-4942-aa82-88f4a12d5f7f,https://images.example.com/products/SMA-9480_2.jpg,Product image 2 of SMA-9480,1
e688cbdd-a591-4c6a-804d-71da2434933f,9333e1d6-1519-4747-8ab1-9e37fe6e2e0c,https://images.example.com/products/SMA-3557_1.jpg,Product image 1 of SMA-3557,0
4919a4d5-4e94-46d1-9eed-ce9391066f1e,a25c8cef-ee0a-42c8-b6b9-6e1554b061e3,https://images.example.com/products/SMA-3832_1.jpg,Product image 1 of SMA-3832,0
274c25ef-24bc-4c7b-89e4-2b9d0f9bf892,a25c8cef-ee0a-42c8-b6b9-6e1554b061e3,https://images.example.com/products/SMA-3832_2.jpg,Product image 2 of SMA-3832,1
f766b011-95c1-46eb-85e7-07ab95e0de76,b1c9a8fb-0d81-4f94-a04c-7baf28899d0e,https://images.example.com/products/SMA-7824_1.jpg,Product image 1 of SMA-7824,0
09ce6b79-2a3c-409d-a0ec-a809734196ed,b1c9a8fb-0d81-4f94-a04c-7baf28899d0e,https://images.example.com/products/SMA-7824_2.jpg,Product image 2 of SMA-7824,1
a75ae071-5b18-45f7-9ed0-2a868793dfca,b1c9a8fb-0d81-4f94-a04c-7baf28899d0e,https://images.example.com/products/SMA-7824_3.jpg,Product image 3 of SMA-7824,2
499d194e-e15e-42a7-a8d6-dfbf8617169d,b1c9a8fb-0d81-4f94-a04c-7baf28899d0e,https://images.example.com/products/SMA-7824_4.jpg,Product image 4 of SMA-7824,3
126746b5-24ca-4f20-9158-f3f387179f88,a446be12-ee51-4006-91fb-3977aed4af9b,https://images.example.com/products/SMA-9846_1.jpg,Product image 1 of SMA-9846,0
190add61-09b2-4aeb-ad3c-1cd9b0342686,a446be12-ee51-4006-91fb-3977aed4af9b,https://images.example.com/products/SMA-9846_2.jpg,Product image 2 of SMA-9846,1
28135016-8287-4db9-8d54-8ef707ed76c3,a446be12-ee51-4006-91fb-3977aed4af9b,https://images.example.com/products/SMA-9846_3.jpg,Product image 3 of SMA-9846,2
e63e89f5-90bb-4944-a666-8cd05b5efc04,a446be12-ee51-4006-91fb-3977aed4af9b,https://images.example.com/products/SMA-9846_4.jpg,Product image 4 of SMA-9846,3
305b6f1e-fe69-4527-a1f3-91a87d4a7630,68058ea3-7c6a-4e6c-87d8-bb37a2fd222e,https://images.example.com/products/SMA-3425_1.jpg,Product image 1 of SMA-3425,0
c5d09145-b675-437c-8909-119992586be5,68058ea3-7c6a-4e6c-87d8-bb37a2fd222e,https://images.example.com/products/SMA-3425_2.jpg,Product image 2 of SMA-3425,1
ba57c74e-0c88-4f56-bf6d-4a3c00e5987d,68058ea3-7c6a-4e6c-87d8-bb37a2fd222e,https://images.example.com/products/SMA-3425_3.jpg,Product image 3 of SMA-3425,2
2d771803-9bb4-4c23-b7b9-39d1b1c4c2a8,fe014834-2513-4470-a1ac-7b302a8328a4,https://images.example.com/products/SMA-8993_1.jpg,Product image 1 of SMA-8993,0
b7442b57-fa12-46ef-a237-2fdf1e6774fd,fe014834-2513-4470-a1ac-7b302a8328a4,https://images.example.com/products/SMA-8993_2.jpg,Product image 2 of SMA-8993,1
c97cd57e-847b-4e68-8c05-fc0a47321de3,d0800e32-81e7-472e-b6de-e51d849a3ccc,https://images.example.com/products/SMA-6984_1.jpg,Product image 1 of SMA-6984,0
07c3f065-9ac3-4f34-a7fd-ed1f356655a8,ed673a71-3f27-442e-a8c4-6a55011ac3e5,https://images.example.com/products/SMA-2405_1.jpg,Product image 1 of SMA-2405,0
7267bb81-dc1e-473b-9446-297be756a255,ed673a71-3f27-442e-a8c4-6a55011ac3e5,https://images.example.com/products/SMA-2405_2.jpg,Product image 2 of SMA-2405,1
0ffe9c8c-cca4-45db-8d44-71883f0fa340,ed673a71-3f27-442e-a8c4-6a55011ac3e5,https://images.example.com/products/SMA-2405_3.jpg,Product image 3 of SMA-2405,2
59ddcb9e-ad85-4a1b-801d-b47434e117ec,ed673a71-3f27-442e-a8c4-6a55011ac3e5,https://images.example.com/products/SMA-2405_4.jpg,Product image 4 of SMA-2405,3
cc84616b-6f51-4e3c-b0a4-4f416f2186c3,aae62747-546e-47c9-98db-156f24400203,https://images.example.com/products/SMA-4339_1.jpg,Product image 1 of SMA-4339,0
2f5a09cb-2a31-4aaa-b70d-dcc36bc144fb,aae62747-546e-47c9-98db-156f24400203,https://images.example.com/products/SMA-4339_2.jpg,Product image 2 of SMA-4339,1
cafef24d-beab-4c59-9890-c125dc6f1a90,aae62747-546e-47c9-98db-156f24400203,https://images.example.com/products/SMA-4339_3.jpg,Product image 3 of SMA-4339,2
6a27042d-e321-4dbb-9e62-412dcb7b09a9,b804d759-67a5-4f32-bc65-23332171283e,https://images.example.com/products/SMA-4288_1.jpg,Product image 1 of SMA-4288,0
8233ac70-5b16-442e-bed7-dc85621df745,b804d759-67a5-4f32-bc65-23332171283e,https://images.example.com/products/SMA-4288_2.jpg,Product image 2 of SMA-4288,1
690bdb96-af15-4a4a-8c77-911214d25dba,b804d759-67a5-4f32-bc65-23332171283e,https://images.example.com/products/SMA-4288_3.jpg,Product image 3 of SMA-4288,2
d356955a-e873-4518-8aaf-fe4bf0e1bd68,b804d759-67a5-4f32-bc65-23332171283e,https://images.example.com/products/SMA-4288_4.jpg,Product image 4 of SMA-4288,3
6b705fa5-9987-4ae9-8863-4b78b6d855f0,8292fb6e-e462-4efa-8541-aa2e0f04a030,https://images.example.com/products/SMA-4787_1.jpg,Product image 1 of SMA-4787,0
fa154c27-9217-44e7-991d-dec2b1f2b0be,8292fb6e-e462-4efa-8541-aa2e0f04a030,https://images.example.com/products/SMA-4787_2.jpg,Product image 2 of SMA-4787,1
bf4419c4-a6d5-4c88-8c79-c640beb85d72,8292fb6e-e462-4efa-8541-aa2e0f04a030,https://images.example.com/products/SMA-4787_3.jpg,Product image 3 of SMA-4787,2
39fe0838-7c07-4300-9a04-8b3e3d6a4f5a,8292fb6e-e462-4efa-8541-aa2e0f04a030,https://images.example.com/products/SMA-4787_4.jpg,Product image 4 of SMA-4787,3
8f038c82-6e59-4e90-a068-c922ff86070c,32d1f96d-b14c-48ed-ab44-8f60758f0994,https://images.example.com/products/SMA-1651_1.jpg,Product image 1 of SMA-1651,0
3cb9a0ad-1f9f-44be-b7f0-7451ce3f95cc,32d1f96d-b14c-48ed-ab44-8f60758f0994,https://images.example.com/products/SMA-1651_2.jpg,Product image 2 of SMA-1651,1
da26df22-2016-457e-84f8-e9b7618291fe,32d1f96d-b14c-48ed-ab44-8f60758f0994,https://images.example.com/products/SMA-1651_3.jpg,Product image 3 of SMA-1651,2
8440ba55-56e7-4750-af62-bb1c26538200,cbf399dc-085d-4ef1-beeb-740052444541,https://images.example.com/products/SMA-2015_1.jpg,Product image 1 of SMA-2015,0
63861d96-9aa5-47ec-b56c-795c0f407847,cbf399dc-085d-4ef1-beeb-740052444541,https://images.example.com/products/SMA-2015_2.jpg,Product image 2 of SMA-2015,1
04babb6e-8efb-4694-bff1-d7d6a4ccff1b,cbf399dc-085d-4ef1-beeb-740052444541,https://images.example.com/products/SMA-2015_3.jpg,Product image 3 of SMA-2015,2
f9cfb5aa-a07a-4415-9c76-4c342523c9c8,cbf399dc-085d-4ef1-beeb-740052444541,https://images.example.com/products/SMA-2015_4.jpg,Product image 4 of SMA-2015,3
a5b2d1c8-021d-403f-967c-fc3cabef214b,509358c1-7c84-46f1-a2c6-a5c6730f112a,https://images.example.com/products/SMA-7837_1.jpg,Product image 1 of SMA-7837,0
47bd8b51-d3c0-4709-a93d-a6354ec7799b,509358c1-7c84-46f1-a2c6-a5c6730f112a,https://images.example.com/products/SMA-7837_2.jpg,Product image 2 of SMA-7837,1
f58da389-56a3-4543-b888-4506c2fc7498,509358c1-7c84-46f1-a2c6-a5c6730f112a,https://images.example.com/products/SMA-7837_3.jpg,Product image 3 of SMA-7837,2
f720322f-9a7c-4d37-a109-d094fea21ffb,509358c1-7c84-46f1-a2c6-a5c6730f112a,https://images.example.com/products/SMA-7837_4.jpg,Product image 4 of SMA-7837,3
275f80d4-8e07-45c2-8f0a-638b228b8427,463f9af4-81e8-45b8-854d-da95a3f340f9,https://images.example.com/products/SMA-8046_1.jpg,Product image 1 of SMA-8046,0
f10f2e33-ff95-4e2c-9d56-efe4fbc7ae11,a0a2fc63-d9bb-479e-a1f1-9c5ffc4cd4f8,https://images.example.com/products/LAP-5970_1.jpg,Product image 1 of LAP-5970,0
b43f187c-ee92-4d2d-bc6f-60a095e5c2db,a0a2fc63-d9bb-479e-a1f1-9c5ffc4cd4f8,https://images.example.com/products/LAP-5970_2.jpg,Product image 2 of LAP-5970,1
1793a988-9660-4f0a-99bc-a94f69229812,a0a2fc63-d9bb-479e-a1f1-9c5ffc4cd4f8,https://images.example.com/products/LAP-5970_3.jpg,Product image 3 of LAP-5970,2
fc38ddd8-7b96-48f9-8fd1-8c5a6471cc64,11fa87c3-e1aa-42f6-84a8-5b7d176337cd,https://images.example.com/products/LAP-4804_1.jpg,Product image 1 of LAP-4804,0
43a59a3d-3278-41c6-8699-a8c4a1058e89,11fa87c3-e1aa-42f6-84a8-5b7d176337cd,https://images.example.com/products/LAP-4804_2.jpg,Product image 2 of LAP-4804,1
e4fc9f0f-2bd7-40f4-818e-d1d90f998636,11fa87c3-e1aa-42f6-84a8-5b7d176337cd,https://images.example.com/products/LAP-4804_3.jpg,Product image 3 of LAP-4804,2
0a360ade-8b60-467e-afe7-74781b387d90,918c12b6-140a-4835-a379-127b24785f82,https://images.example.com/products/LAP-4166_1.jpg,Product image 1 of LAP-4166,0
db54344e-15ea-4fd1-84cf-e952eb758486,918c12b6-140a-4835-a379-127b24785f82,https://images.example.com/products/LAP-4166_2.jpg,Product image 2 of LAP-4166,1
ceec1119-3612-492a-bb6b-8c69ad8a3b89,973bb928-ed46-48f0-b093-d42379fada1d,https://images.example.com/products/LAP-8496_1.jpg,Product image 1 of LAP-8496,0
25935ba8-d189-44c0-83b9-e0b04012bbd2,973bb928-ed46-48f0-b093-d42379fada1d,https://images.example.com/products/LAP-8496_2.jpg,Product image 2 of LAP-8496,1
e071a59f-55ba-4645-8413-e58b3bcd7fa9,973bb928-ed46-48f0-b093-d42379fada1d,https://images.example.com/products/LAP-8496_3.jpg,Product image 3 of LAP-8496,2
492b15f9-4605-46f8-aca1-a39aea428ba5,973bb928-ed46-48f0-b093-d42379fada1d,https://images.example.com/products/LAP-8496_4.jpg,Product image 4 of LAP-8496,3
1061eaa6-5148-4969-9120-72cf573c74a6,db347c0e-4e79-4463-87f3-efa8a66b8c59,https://images.example.com/products/LAP-1694_1.jpg,Product image 1 of LAP-1694,0
9fc69561-7bd4-4284-bae8-9c9260b9e45a,b10c01dd-2315-4944-8b5d-0855d54b90c2,https://images.example.com/products/LAP-8558_1.jpg,Product image 1 of LAP-8558,0
c2439750-8ec9-464b-bf44-bbf3b3d76f9d,b10c01dd-2315-4944-8b5d-0855d54b90c2,https://images.example.com/products/LAP-8558_2.jpg,Product image 2 of LAP-8558,1
5b870a94-194c-430b-965f-3a4b48948f43,f4cec095-697c-4fe9-b067-0e5a0c3b7b9d,https://images.example.com/products/LAP-7440_1.jpg,Product image 1 of LAP-7440,0
69a3d2cc-e841-4c3c-9a03-210cf90da1e9,f4cec095-697c-4fe9-b067-0e5a0c3b7b9d,https://images.example.com/products/LAP-7440_2.jpg,Product image 2 of LAP-7440,1
21039023-05c9-4854-a627-abad215605d1,f4cec095-697c-4fe9-b067-0e5a0c3b7b9d,https://images.example.com/products/LAP-7440_3.jpg,Product image 3 of LAP-7440,2
b9bbc51c-a725-4b0f-bfae-fbc3c7df7b9b,14d413b9-38bd-451e-ac90-eb0d5563dcbe,https://images.example.com/products/LAP-6946_1.jpg,Product image 1 of LAP-6946,0
085a908b-7aee-45a0-8104-22b5f01848a2,44e5d4f7-d268-42c1-8285-67c74a8ee114,https://images.example.com/products/LAP-1840_1.jpg,Product image 1 of LAP-1840,0
3d410a5e-832b-4acb-ae29-da81648d135a,44e5d4f7-d268-42c1-8285-67c74a8ee114,https://images.example.com/products/LAP-1840_2.jpg,Product image 2 of LAP-1840,1
869e4df0-19d5-4c92-a7a1-3d53d54433c7,44e5d4f7-d268-42c1-8285-67c74a8ee114,https://images.example.com/products/LAP-1840_3.jpg,Product image 3 of LAP-1840,2
c16f297a-04c7-4836-8c68-ad49b7a0072f,5438c9ba-57b3-4eec-8602-d1b7bf9fedd4,https://images.example.com/products/LAP-9904_1.jpg,Product image 1 of LAP-9904,0
06619d74-c873-413b-a443-187e92e067c5,5438c9ba-57b3-4eec-8602-d1b7bf9fedd4,https://images.example.com/products/LAP-9904_2.jpg,Product image 2 of LAP-9904,1
f83aed95-a326-4fca-a84d-2bbfa101ccbe,5438c9ba-57b3-4eec-8602-d1b7bf9fedd4,https://images.example.com/products/LAP-9904_3.jpg,Product image 3 of LAP-9904,2
44d43329-ca80-47db-b93e-33e136f06970,5438c9ba-57b3-4eec-8602-d1b7bf9fedd4,https://images.example.com/products/LAP-9904_4.jpg,Product image 4 of LAP-9904,3
5759d37e-4686-49da-b942-d2591187535a,066f483c-b0a2-4833-bce8-577cfb6ab029,https://images.example.com/products/LAP-4401_1.jpg,Product image 1 of LAP-4401,0
06d8724b-65e4-4e25-b08b-15cfe37b5cfd,066f483c-b0a2-4833-bce8-577cfb6ab029,https://images.example.com/products/LAP-4401_2.jpg,Product image 2 of LAP-4401,1
b8826422-5b53-4f3b-b8a5-80b55ac13423,a4aea3f8-c0af-47cc-b244-c2b912c82b37,https://images.example.com/products/LAP-3920_1.jpg,Product image 1 of LAP-3920,0
55d944be-ec5a-430f-92f8-f2e499701b3a,a4aea3f8-c0af-47cc-b244-c2b912c82b37,https://images.example.com/products/LAP-3920_2.jpg,Product image 2 of LAP-3920,1
7cda16d5-c660-468f-9c64-07a5fdb6cc77,7f0760fb-ebcc-49c7-8e15-872799480248,https://images.example.com/products/LAP-2063_1.jpg,Product image 1 of LAP-2063,0
5f38b7d5-2faf-455a-b6d0-4d112786364e,7f0760fb-ebcc-49c7-8e15-872799480248,https://images.example.com/products/LAP-2063_2.jpg,Product image 2 of LAP-2063,1
3b41e783-e7d9-4478-8933-430dc29a571a,7f0760fb-ebcc-49c7-8e15-872799480248,https://images.example.com/products/LAP-2063_3.jpg,Product image 3 of LAP-2063,2
65d7fbef-e29f-4f50-93d2-b5f5b88b7484,7f0760fb-ebcc-49c7-8e15-872799480248,https://images.example.com/products/LAP-2063_4.jpg,Product image 4 of LAP-2063,3
5dad5d05-a7a1-4d94-b264-02a3b3582619,8b33fed3-ef3f-4e7e-8afb-805b39af2b22,https://images.example.com/products/LAP-8924_1.jpg,Product image 1 of LAP-8924,0
787815eb-9356-4c19-bc32-6805fb92e99e,8b33fed3-ef3f-4e7e-8afb-805b39af2b22,https://images.example.com/products/LAP-8924_2.jpg,Product image 2 of LAP-8924,1
cf568710-c8ab-45c5-bacf-76f43284ee3e,8b33fed3-ef3f-4e7e-8afb-805b39af2b22,https://images.example.com/products/LAP-8924_3.jpg,Product image 3 of LAP-8924,2
284a40d9-082d-42da-8649-09a87515fc97,8b33fed3-ef3f-4e7e-8afb-805b39af2b22,https://images.example.com/products/LAP-8924_4.jpg,Product image 4 of LAP-8924,3
12904fb6-9792-455f-add9-df8da23a6d26,e58cd921-80e2-4a63-9da5-927a39aaaafc,https://images.example.com/products/LAP-9069_1.jpg,Product image 1 of LAP-9069,0
117d1137-946f-4133-88d9-c5429fd36093,e58cd921-80e2-4a63-9da5-927a39aaaafc,https://images.example.com/products/LAP-9069_2.jpg,Product image 2 of LAP-9069,1
8810ca76-0e9b-41c5-8c94-2e092849b6a0,e58cd921-80e2-4a63-9da5-927a39aaaafc,https://images.example.com/products/LAP-9069_3.jpg,Product image 3 of LAP-9069,2
34db331d-a816-48d4-af3c-2983cbdc7400,3b5cfd48-389a-4640-9714-2a6008bdb590,https://images.example.com/products/LAP-7783_1.jpg,Product image 1 of LAP-7783,0
da2db511-726c-4d05-a5cd-d7475a9b0d36,3b5cfd48-389a-4640-9714-2a6008bdb590,https://images.example.com/products/LAP-7783_2.jpg,Product image 2 of LAP-7783,1
8d2ff85b-6065-44ac-b464-744c22cf17fa,0c68ff00-91ea-4a61-9720-5cd4b7205d82,https://images.example.com/products/LAP-2865_1.jpg,Product image 1 of LAP-2865,0
6b07c586-793a-44b1-a276-745805c67027,0c68ff00-91ea-4a61-9720-5cd4b7205d82,https://images.example.com/products/LAP-2865_2.jpg,Product image 2 of LAP-2865,1
17be3510-f885-420f-9eb6-2d79b634258f,d651b848-44be-48ff-b987-791fa447af4a,https://images.example.com/products/TAB-9797_1.jpg,Product image 1 of TAB-9797,0
8e9da62b-61c0-4780-9f8b-b40681779895,d651b848-44be-48ff-b987-791fa447af4a,https://images.example.com/products/TAB-9797_2.jpg,Product image 2 of TAB-9797,1
65371015-8cf5-4530-8f87-db62068b5d67,1522b6a4-50a5-4edc-9fab-fc6bcda5f85e,https://images.example.com/products/TAB-6793_1.jpg,Product image 1 of TAB-6793,0
fde3c792-86a3-4add-82a3-9e3c46767132,1522b6a4-50a5-4edc-9fab-fc6bcda5f85e,https://images.example.com/products/TAB-6793_2.jpg,Product image 2 of TAB-6793,1
62505a14-ad99-4e6a-8ede-426b3afb30c3,bfab9943-f6bf-41b6-abe3-cf355418410b,https://images.example.com/products/TAB-1518_1.jpg,Product image 1 of TAB-1518,0
f98ef0cc-d7a8-459f-aefe-4a6ff0e396f8,c44969e1-8660-4e52-be78-176fd6fa0656,https://images.example.com/products/TAB-2517_1.jpg,Product image 1 of TAB-2517,0
f583c6fb-3a38-4ef3-9a7c-22b61e605523,c44969e1-8660-4e52-be78-176fd6fa0656,https://images.example.com/products/TAB-2517_2.jpg,Product image 2 of TAB-2517,1
572839fb-7f23-4ed1-a80e-af2ecd4629a7,c44969e1-8660-4e52-be78-176fd6fa0656,https://images.example.com/products/TAB-2517_3.jpg,Product image 3 of TAB-2517,2
c6b6e750-9d2b-4ca8-9f8a-4b48a7b83d94,62835ce7-4cc3-4651-8a19-7b69f82ceefb,https://images.example.com/products/TAB-9456_1.jpg,Product image 1 of TAB-9456,0
0c46e17c-7aec-43b2-a92d-d4a20f3cf713,57734fa6-e8d7-461e-9857-b3dd8290766f,https://images.example.com/products/TAB-8649_1.jpg,Product image 1 of TAB-8649,0
80dd53d9-4384-4379-a6cf-f6473e31c80e,57734fa6-e8d7-461e-9857-b3dd8290766f,https://images.example.com/products/TAB-8649_2.jpg,Product image 2 of TAB-8649,1
397fa9d1-d972-4a01-83b9-95188cd44823,76f9dbfe-16db-4f21-b54d-1aed264b31b2,https://images.example.com/products/TAB-2927_1.jpg,Product image 1 of TAB-2927,0
8bcce3f0-eba0-40ba-aa8c-0e17963994db,76f9dbfe-16db-4f21-b54d-1aed264b31b2,https://images.example.com/products/TAB-2927_2.jpg,Product image 2 of TAB-2927,1
218a5dbe-8f77-46a3-b02e-f63f4730c42f,76f9dbfe-16db-4f21-b54d-1aed264b31b2,https://images.example.com/products/TAB-2927_3.jpg,Product image 3 of TAB-2927,2
53c06eb2-901f-4df6-b8b7-41ff065ae3b7,76f9dbfe-16db-4f21-b54d-1aed264b31b2,https://images.example.com/products/TAB-2927_4.jpg,Product image 4 of TAB-2927,3
9c7ea2ce-7689-4105-90aa-c06d44ce0690,ed702a34-6433-4f3c-b28d-2b40dbfce74f,https://images.example.com/products/TAB-5011_1.jpg,Product image 1 of TAB-5011,0
bfa06f61-58c7-4216-977c-1a7053b18648,ed702a34-6433-4f3c-b28d-2b40dbfce74f,https://images.example.com/products/TAB-5011_2.jpg,Product image 2 of TAB-5011,1
2df1e1eb-7e7c-4a3a-8f2d-0babd3c7c48b,ed702a34-6433-4f3c-b28d-2b40dbfce74f,https://images.example.com/products/TAB-5011_3.jpg,Product image 3 of TAB-5011,2
409e34f1-143e-47ec-8383-5c1fc7103c89,ed702a34-6433-4f3c-b28d-2b40dbfce74f,https://images.example.com/products/TAB-5011_4.jpg,Product image 4 of TAB-5011,3
f3b6bd57-a934-4bbd-8c2a-488ac2cb5fae,18ec300c-2356-4501-8c83-eb97907f8843,https://images.example.com/products/TAB-7421_1.jpg,Product image 1 of TAB-7421,0
d4d03068-9a69-41b6-aaad-41e163943b8c,18ec300c-2356-4501-8c83-eb97907f8843,https://images.example.com/products/TAB-7421_2.jpg,Product image 2 of TAB-7421,1
57e73b81-84b6-4801-8517-d9b069c0a477,094d4256-9e9e-49b4-8e0b-04efe23b2385,https://images.example.com/products/TAB-8672_1.jpg,Product image 1 of TAB-8672,0
d6702884-89d6-49cf-b9ab-0605e6ec938a,21c470a2-6193-4233-b865-8a1c38cee4ef,https://images.example.com/products/TAB-2070_1.jpg,Product image 1 of TAB-2070,0
909db710-5fd5-45dc-9a72-718e7826f8a4,f715ef9b-5f5d-4433-9633-798abb23c19a,https://images.example.com/products/TAB-5949_1.jpg,Product image 1 of TAB-5949,0
30533db2-d2ac-4b6a-9cf3-250ef084920c,f715ef9b-5f5d-4433-9633-798abb23c19a,https://images.example.com/products/TAB-5949_2.jpg,Product image 2 of TAB-5949,1
0c017805-d00a-4f36-af97-857f635ed227,f715ef9b-5f5d-4433-9633-798abb23c19a,https://images.example.com/products/TAB-5949_3.jpg,Product image 3 of TAB-5949,2
b830169a-3083-4b5a-983e-ae82b81112f0,6ff61f59-27f5-4f16-8734-10b89e336409,https://images.example.com/products/TAB-6606_1.jpg,Product image 1 of TAB-6606,0
479abcd0-56b8-41e2-8fc0-f2f413d7128d,6ff61f59-27f5-4f16-8734-10b89e336409,https://images.example.com/products/TAB-6606_2.jpg,Product image 2 of TAB-6606,1
de2611ba-2cf5-4352-854a-5e3857d00965,6ff61f59-27f5-4f16-8734-10b89e336409,https://images.example.com/products/TAB-6606_3.jpg,Product image 3 of TAB-6606,2
34188bf3-78ba-44e5-bbab-f90ba2a0fef0,6ff61f59-27f5-4f16-8734-10b89e336409,https://images.example.com/products/TAB-6606_4.jpg,Product image 4 of TAB-6606,3
a169383a-909a-48b1-942c-7b21e0ce2c56,8f34d4de-798d-4fcf-a844-5238cea9f2ea,https://images.example.com/products/TAB-3886_1.jpg,Product image 1 of TAB-3886,0
86351887-9067-423a-9533-79ec5065e2a4,8f34d4de-798d-4fcf-a844-5238cea9f2ea,https://images.example.com/products/TAB-3886_2.jpg,Product image 2 of TAB-3886,1
2288ba3c-2cbd-43af-995e-a85eb62e39c2,fcc07b49-811d-48d8-8106-5df71cfc523c,https://images.example.com/products/AUD-3403_1.jpg,Product image 1 of AUD-3403,0
5b6979ea-b1cb-4e42-886e-29bb0995131e,1e659ed4-c21a-45fa-8f88-bb9b1436912a,https://images.example.com/products/AUD-8122_1.jpg,Product image 1 of AUD-8122,0
3732043d-406a-4139-9da7-d4561e9f4294,08233bca-8504-454f-a3e5-d28fa111ef7f,https://images.example.com/products/AUD-2797_1.jpg,Product image 1 of AUD-2797,0
46849226-4658-4630-a78b-8084870e4292,08233bca-8504-454f-a3e5-d28fa111ef7f,https://images.example.com/products/AUD-2797_2.jpg,Product image 2 of AUD-2797,1
21831ffd-5634-4659-86ba-ed238516d399,08233bca-8504-454f-a3e5-d28fa111ef7f,https://images.example.com/products/AUD-2797_3.jpg,Product image 3 of AUD-2797,2
5a11eceb-05dd-4b57-b463-e430785ef40f,d89aab4a-c749-4b42-a5de-85bbf18df14b,https://images.example.com/products/AUD-8780_1.jpg,Product image 1 of AUD-8780,0
cf357e9c-da9b-49f2-ba70-76a92a540fc5,d89aab4a-c749-4b42-a5de-85bbf18df14b,https://images.example.com/products/AUD-8780_2.jpg,Product image 2 of AUD-8780,1
4a7b7430-f1ab-4ee7-9aa7-81abab12300a,d89aab4a-c749-4b42-a5de-85bbf18df14b,https://images.example.com/products/AUD-8780_3.jpg,Product image 3 of AUD-8780,2
7419c24a-091d-4c05-9ff9-cff924139487,d89aab4a-c749-4b42-a5de-85bbf18df14b,https://images.example.com/products/AUD-8780_4.jpg,Product image 4 of AUD-8780,3
3bb8682a-a10a-4cfe-be18-d5e60a994922,53fd0878-501b-4654-9800-c0f41d8fc01d,https://images.example.com/products/AUD-3224_1.jpg,Product image 1 of AUD-3224,0
42fd6c5a-da3d-4954-bdd3-3023d72996aa,53fd0878-501b-4654-9800-c0f41d8fc01d,https://images.example.com/products/AUD-3224_2.jpg,Product image 2 of AUD-3224,1
98309754-f34a-492d-bf93-3f51b882e035,82bbc0b2-55e9-4cea-8601-be4afe2d32fd,https://images.example.com/products/AUD-6821_1.jpg,Product image 1 of AUD-6821,0
be43d937-8c6d-40db-b387-77e6e13bdd3e,82bbc0b2-55e9-4cea-8601-be4afe2d32fd,https://images.example.com/products/AUD-6821_2.jpg,Product image 2 of AUD-6821,1
b3f3dd93-32da-4c04-affa-de6f9a25acab,82bbc0b2-55e9-4cea-8601-be4afe2d32fd,https://images.example.com/products/AUD-6821_3.jpg,Product image 3 of AUD-6821,2
a71280b2-8f87-4df2-b2ba-bde31f0f8d0f,82bbc0b2-55e9-4cea-8601-be4afe2d32fd,https://images.example.com/products/AUD-6821_4.jpg,Product image 4 of AUD-6821,3
8410008b-b7e5-44a2-960d-265026741ec6,f013dc6e-c11b-46dd-9e14-2641ead86304,https://images.example.com/products/AUD-7038_1.jpg,Product image 1 of AUD-7038,0
1ed2992f-77d0-4b54-9d5c-8313117b7b39,f013dc6e-c11b-46dd-9e14-2641ead86304,https://images.example.com/products/AUD-7038_2.jpg,Product image 2 of AUD-7038,1
d655fd76-a8f8-4c0d-8a6a-b7e6e6f1254a,1647f98e-22e1-44e3-86f6-ac850adecf88,https://images.example.com/products/AUD-9834_1.jpg,Product image 1 of AUD-9834,0
7477de33-2ca4-4b52-83a5-c191f34b599d,8ec7959f-beb5-4e34-b7e8-90215c7ce3fb,https://images.example.com/products/AUD-5738_1.jpg,Product image 1 of AUD-5738,0
87ca2c09-7e30-44cc-b914-00ff4365ca03,a703f494-11dc-4d67-943c-bfa86b3c0b1d,https://images.example.com/products/AUD-5699_1.jpg,Product image 1 of AUD-5699,0
44184079-2e2d-47a4-8218-f6c2aef9153a,a703f494-11dc-4d67-943c-bfa86b3c0b1d,https://images.example.com/products/AUD-5699_2.jpg,Product image 2 of AUD-5699,1
4d8943e2-56be-4536-8e31-d8ad3bd88706,3c974f79-455d-47cd-9d0a-e61f8a6e2b5a,https://images.example.com/products/AUD-8317_1.jpg,Product image 1 of AUD-8317,0
c311f1a2-ee26-4758-a359-4f4a243629f0,3c974f79-455d-47cd-9d0a-e61f8a6e2b5a,https://images.example.com/products/AUD-8317_2.jpg,Product image 2 of AUD-8317,1
1421de49-c88c-4a6e-af7a-2f0a3897332f,3c974f79-455d-47cd-9d0a-e61f8a6e2b5a,https://images.example.com/products/AUD-8317_3.jpg,Product image 3 of AUD-8317,2
771df6c8-b1b0-4af1-8615-14a91ea37a7d,3c974f79-455d-47cd-9d0a-e61f8a6e2b5a,https://images.example.com/products/AUD-8317_4.jpg,Product image 4 of AUD-8317,3
0896d5b4-eb38-49ba-bb82-9bbb2a9b01b3,7c4ec45f-4cb9-4ddd-b238-167d58d0d224,https://images.example.com/products/AUD-4898_1.jpg,Product image 1 of AUD-4898,0
cbe183cb-e15a-4761-8e18-828b71992707,7c4ec45f-4cb9-4ddd-b238-167d58d0d224,https://images.example.com/products/AUD-4898_2.jpg,Product image 2 of AUD-4898,1
f31d3cb7-5a44-44d0-99ee-783003748307,7c4ec45f-4cb9-4ddd-b238-167d58d0d224,https://images.example.com/products/AUD-4898_3.jpg,Product image 3 of AUD-4898,2
412ff199-b285-4274-aa7c-2934887b6b77,7c4ec45f-4cb9-4ddd-b238-167d58d0d224,https://images.example.com/products/AUD-4898_4.jpg,Product image 4 of AUD-4898,3
e6baa968-757d-468e-be3b-cae9da7b0835,807f7d13-a059-46b8-8248-1c05047b3387,https://images.example.com/products/AUD-8802_1.jpg,Product image 1 of AUD-8802,0
64d0f1f5-3a95-4f3a-9aef-60730c12061a,807f7d13-a059-46b8-8248-1c05047b3387,https://images.example.com/products/AUD-8802_2.jpg,Product image 2 of AUD-8802,1
6f0e4ec7-6c54-4b87-a747-bb77b4d47441,807f7d13-a059-46b8-8248-1c05047b3387,https://images.example.com/products/AUD-8802_3.jpg,Product image 3 of AUD-8802,2
8ced6c8c-d49c-4656-bcb6-6e4d8800aaea,9bf693cc-b1ac-4daa-8ad2-e6f5031137f9,https://images.example.com/products/AUD-7258_1.jpg,Product image 1 of AUD-7258,0
52302c0b-a0f6-4483-8cc2-8982ad7d787b,9bf693cc-b1ac-4daa-8ad2-e6f5031137f9,https://images.example.com/products/AUD-7258_2.jpg,Product image 2 of AUD-7258,1
b39514bf-8272-41f6-beb8-67297227a374,73e594a4-39e1-4cfa-b6b5-299e9f45befd,https://images.example.com/products/SMA-5183_1.jpg,Product image 1 of SMA-5183,0
79b6fbf8-8c4a-4226-a17f-139fabfd6623,73e594a4-39e1-4cfa-b6b5-299e9f45befd,https://images.example.com/products/SMA-5183_2.jpg,Product image 2 of SMA-5183,1
accff54a-7217-4b20-a918-cffb46f873c7,73e594a4-39e1-4cfa-b6b5-299e9f45befd,https://images.example.com/products/SMA-5183_3.jpg,Product image 3 of SMA-5183,2
2760e9ac-396e-42b6-9624-452a32eee2d6,73e594a4-39e1-4cfa-b6b5-299e9f45befd,https://images.example.com/products/SMA-5183_4.jpg,Product image 4 of SMA-5183,3
10f6ec02-2a79-4f77-bffb-8e97a0168547,39c1ac48-e934-4add-ac52-805c8c56c21c,https://images.example.com/products/SMA-2113_1.jpg,Product image 1 of SMA-2113,0
07db3bb8-949b-43c0-87f4-677e0b397527,563b480a-d429-4b59-b453-656b2cacb7ff,https://images.example.com/products/SMA-2995_1.jpg,Product image 1 of SMA-2995,0
f14d7a19-fabf-4b2a-9939-900bf53374a8,563b480a-d429-4b59-b453-656b2cacb7ff,https://images.example.com/products/SMA-2995_2.jpg,Product image 2 of SMA-2995,1
b2c2b8db-07bf-49d9-9163-1d2faf076327,563b480a-d429-4b59-b453-656b2cacb7ff,https://images.example.com/products/SMA-2995_3.jpg,Product image 3 of SMA-2995,2
a4313a1d-dbb0-42fb-a6e3-e00180559d6f,563b480a-d429-4b59-b453-656b2cacb7ff,https://images.example.com/products/SMA-2995_4.jpg,Product image 4 of SMA-2995,3
2f6d17e8-4967-44ec-b79e-463e7ce5772a,2f5ac538-16b9-4116-9157-ffd4a6b54a8d,https://images.example.com/products/SMA-2240_1.jpg,Product image 1 of SMA-2240,0
472a33f7-fb3c-431d-be18-131377ce0651,2f5ac538-16b9-4116-9157-ffd4a6b54a8d,https://images.example.com/products/SMA-2240_2.jpg,Product image 2 of SMA-2240,1
f1a30070-d402-488a-bdc8-ca3430d188c7,2f5ac538-16b9-4116-9157-ffd4a6b54a8d,https://images.example.com/products/SMA-2240_3.jpg,Product image 3 of SMA-2240,2
fc3fbbc5-3bd1-41dd-81fc-b2ff2ed53c27,2f5ac538-16b9-4116-9157-ffd4a6b54a8d,https://images.example.com/products/SMA-2240_4.jpg,Product image 4 of SMA-2240,3
84734254-e3ee-48f7-bf41-276bca82aa53,2b6f5046-9b25-4174-a68e-718a005364e3,https://images.example.com/products/SMA-1984_1.jpg,Product image 1 of SMA-1984,0
b8c1d7b8-4b13-4bf5-ac88-c47748e348b4,2b6f5046-9b25-4174-a68e-718a005364e3,https://images.example.com/products/SMA-1984_2.jpg,Product image 2 of SMA-1984,1
a99d2b6a-0adc-4d97-b4aa-715602105672,2b6f5046-9b25-4174-a68e-718a005364e3,https://images.example.com/products/SMA-1984_3.jpg,Product image 3 of SMA-1984,2
a7ad899a-a849-4b25-adc2-35d379765449,53993f68-d2b0-40a6-ad36-13075e1c4e9f,https://images.example.com/products/SMA-2740_1.jpg,Product image 1 of SMA-2740,0
b9f7ac4c-2dce-4807-bf5b-5449dcc8c6d6,53993f68-d2b0-40a6-ad36-13075e1c4e9f,https://images.example.com/products/SMA-2740_2.jpg,Product image 2 of SMA-2740,1
1323d1b6-d11b-4072-9534-f46646417ba2,53993f68-d2b0-40a6-ad36-13075e1c4e9f,https://images.example.com/products/SMA-2740_3.jpg,Product image 3 of SMA-2740,2
04fcc3a1-81d4-453a-81f3-5d52d82e4719,53993f68-d2b0-40a6-ad36-13075e1c4e9f,https://images.example.com/products/SMA-2740_4.jpg,Product image 4 of SMA-2740,3
208d37fb-f282-44a3-bec2-90f8d3e96904,a5cb0b65-9e26-4e48-b882-9f9c791c1e51,https://images.example.com/products/SMA-5365_1.jpg,Product image 1 of SMA-5365,0
bf645bb2-3c13-4f6e-bd1d-39f0375a67fe,a5cb0b65-9e26-4e48-b882-9f9c791c1e51,https://images.example.com/products/SMA-5365_2.jpg,Product image 2 of SMA-5365,1
1aaf3f81-48e7-4e20-a5fb-73d9de90275e,a5cb0b65-9e26-4e48-b882-9f9c791c1e51,https://images.example.com/products/SMA-5365_3.jpg,Product image 3 of SMA-5365,2
51d26971-2f00-4a61-b9a2-974dd9ca12a2,f033586d-f7ab-4170-899e-25cc3cb300cd,https://images.example.com/products/SMA-8898_1.jpg,Product image 1 of SMA-8898,0
cfc5e2a2-b32d-402d-bd57-50b6a381e8a4,93cd6aef-ebe1-4daf-9e22-3ee12618adc3,https://images.example.com/products/SMA-4327_1.jpg,Product image 1 of SMA-4327,0
22224e33-ec63-4731-9d79-f353faac3927,ca635524-b780-43d9-9b3a-3fd3ec36f6c7,https://images.example.com/products/SMA-4104_1.jpg,Product image 1 of SMA-4104,0
bcf2cb99-e146-40ec-a188-75101fa0f1aa,2f6e0a70-7406-42c9-9365-f1155e8170d4,https://images.example.com/products/SMA-6533_1.jpg,Product image 1 of SMA-6533,0
27a2e04e-3e8e-4946-8f88-4861935fdba1,eb6d18a0-a72b-4953-a07f-53016ae561fd,https://images.example.com/products/SMA-1312_1.jpg,Product image 1 of SMA-1312,0
3c7073db-bd8d-4814-b4c8-a5f29e218a2d,e35aed3b-9ccd-47de-9da2-ff7bc04ed18f,https://images.example.com/products/SMA-2033_1.jpg,Product image 1 of SMA-2033,0
187b2ba7-bdf7-4c0d-b3f0-16086d325ae1,e35aed3b-9ccd-47de-9da2-ff7bc04ed18f,https://images.example.com/products/SMA-2033_2.jpg,Product image 2 of SMA-2033,1
e8dca760-4f64-424e-8a52-d59c46eca6d9,e35aed3b-9ccd-47de-9da2-ff7bc04ed18f,https://images.example.com/products/SMA-2033_3.jpg,Product image 3 of SMA-2033,2
06173c49-f780-4f82-9b27-f69d789b7eb3,e35aed3b-9ccd-47de-9da2-ff7bc04ed18f,https://images.example.com/products/SMA-2033_4.jpg,Product image 4 of SMA-2033,3
c96dc832-729f-4053-91fc-bf6c64e2d61a,5036a415-8d9e-4773-a44c-951eb09e8bab,https://images.example.com/products/SMA-2978_1.jpg,Product image 1 of SMA-2978,0
a4e760ba-170f-490f-8f56-d972c7508e15,5036a415-8d9e-4773-a44c-951eb09e8bab,https://images.example.com/products/SMA-2978_2.jpg,Product image 2 of SMA-2978,1
b4febb59-d295-4463-8d0e-2290b29a5a50,168e8a7d-7631-4215-af23-817e78b4cc64,https://images.example.com/products/SMA-3584_1.jpg,Product image 1 of SMA-3584,0
7deecfab-754f-4b42-bc04-7c4b15423fbe,dd1b50cf-8263-4865-9eef-7e3b3510c29d,https://images.example.com/products/SMA-9570_1.jpg,Product image 1 of SMA-9570,0
b51cef40-7ab7-47d4-867d-7443fea11ceb,dd1b50cf-8263-4865-9eef-7e3b3510c29d,https://images.example.com/products/SMA-9570_2.jpg,Product image 2 of SMA-9570,1
814595f0-33a9-4e3d-93f6-c67fca73a3df,dd1b50cf-8263-4865-9eef-7e3b3510c29d,https://images.example.com/products/SMA-9570_3.jpg,Product image 3 of SMA-9570,2
e4d7b13b-491a-4dc7-a35c-2499dac65cfa,dd1b50cf-8263-4865-9eef-7e3b3510c29d,https://images.example.com/products/SMA-9570_4.jpg,Product image 4 of SMA-9570,3
75598884-2f4b-4ebf-a53a-7cbac0ddf9c3,08f4417c-d32e-432c-ad30-9f1b516520a3,https://images.example.com/products/GAM-4144_1.jpg,Product image 1 of GAM-4144,0
69964f7f-5dc2-49cc-8dfa-c8f734c91d21,08f4417c-d32e-432c-ad30-9f1b516520a3,https://images.example.com/products/GAM-4144_2.jpg,Product image 2 of GAM-4144,1
df4d5adb-6098-4b90-ad02-3fa9dc378b6d,08f4417c-d32e-432c-ad30-9f1b516520a3,https://images.example.com/products/GAM-4144_3.jpg,Product image 3 of GAM-4144,2
d356fd95-048f-42dc-8e97-493d82313751,7eff47b7-3ff9-4690-9c17-5662c95eef85,https://images.example.com/products/GAM-9151_1.jpg,Product image 1 of GAM-9151,0
d20e4409-44cb-4270-97bf-205c20028542,40efc5a3-ac3e-4ea7-aaac-b6fa376b2a40,https://images.example.com/products/GAM-9804_1.jpg,Product image 1 of GAM-9804,0
108bae7f-c7f1-4186-9877-6be930185df3,40efc5a3-ac3e-4ea7-aaac-b6fa376b2a40,https://images.example.com/products/GAM-9804_2.jpg,Product image 2 of GAM-9804,1
1e5bf58d-b560-4739-88bf-747c34ea8569,30769e80-510d-4682-98d4-9ae7ea6c5293,https://images.example.com/products/GAM-4769_1.jpg,Product image 1 of GAM-4769,0
55e0e687-5456-41cd-851c-c36f3955f9ee,30769e80-510d-4682-98d4-9ae7ea6c5293,https://images.example.com/products/GAM-4769_2.jpg,Product image 2 of GAM-4769,1
003e3472-06c2-4269-802c-6fa265ff7ca5,30769e80-510d-4682-98d4-9ae7ea6c5293,https://images.example.com/products/GAM-4769_3.jpg,Product image 3 of GAM-4769,2
baa28b6b-19b6-40e5-9edc-3503e69bfa3b,30769e80-510d-4682-98d4-9ae7ea6c5293,https://images.example.com/products/GAM-4769_4.jpg,Product image 4 of GAM-4769,3
98c06a64-2961-4604-8d4d-3901a1d7a250,ccbc6fa3-24ae-4d66-98f9-02e823fc2bf1,https://images.example.com/products/GAM-3374_1.jpg,Product image 1 of GAM-3374,0
87b14fc8-ccb9-420f-ba4f-ccba1d32e984,ccbc6fa3-24ae-4d66-98f9-02e823fc2bf1,https://images.example.com/products/GAM-3374_2.jpg,Product image 2 of GAM-3374,1
e2fe3fdd-7de2-498a-b5d1-d3b2890d676d,ccbc6fa3-24ae-4d66-98f9-02e823fc2bf1,https://images.example.com/products/GAM-3374_3.jpg,Product image 3 of GAM-3374,2
b08e7180-2b62-4ba3-9655-03dd6b3a9f0e,ccbc6fa3-24ae-4d66-98f9-02e823fc2bf1,https://images.example.com/products/GAM-3374_4.jpg,Product image 4 of GAM-3374,3
8105772e-5054-4a9b-bc27-eabfefd2d9b8,d076961e-1d1b-4d7d-aa39-61ef2be064b6,https://images.example.com/products/GAM-5597_1.jpg,Product image 1 of GAM-5597,0
3dedd4bf-4990-47bb-b861-2d1930bc6c99,d076961e-1d1b-4d7d-aa39-61ef2be064b6,https://images.example.com/products/GAM-5597_2.jpg,Product image 2 of GAM-5597,1
4e114cba-d0f8-4f82-8e19-70fd90fa2322,d076961e-1d1b-4d7d-aa39-61ef2be064b6,https://images.example.com/products/GAM-5597_3.jpg,Product image 3 of GAM-5597,2
d7d9111d-e7af-4f43-8cbd-c8045b031f45,d076961e-1d1b-4d7d-aa39-61ef2be064b6,https://images.example.com/products/GAM-5597_4.jpg,Product image 4 of GAM-5597,3
5b073150-375a-4097-846c-098ff9e280b6,71768175-68a5-4711-b2f3-34193f7bc5f3,https://images.example.com/products/GAM-2416_1.jpg,Product image 1 of GAM-2416,0
d8658080-f2fa-4b42-92a9-52fb743b7691,71768175-68a5-4711-b2f3-34193f7bc5f3,https://images.example.com/products/GAM-2416_2.jpg,Product image 2 of GAM-2416,1
a6e0a452-84d3-4226-96b0-49dba137cd03,71768175-68a5-4711-b2f3-34193f7bc5f3,https://images.example.com/products/GAM-2416_3.jpg,Product image 3 of GAM-2416,2
9059f6f2-ab3f-4ab5-9dbf-1424c880b13a,9e8d79e1-02d9-447c-a7bf-a930629265f1,https://images.example.com/products/GAM-3440_1.jpg,Product image 1 of GAM-3440,0
52c5a005-cc57-45e9-bb51-4ebdd23f5437,9e8d79e1-02d9-447c-a7bf-a930629265f1,https://images.example.com/products/GAM-3440_2.jpg,Product image 2 of GAM-3440,1
7e395256-7268-44f1-842b-85eeada4b326,7b165a7e-a5ef-48ad-99a6-2f86a26feaf5,https://images.example.com/products/GAM-2361_1.jpg,Product image 1 of GAM-2361,0
985e2e19-f122-4252-b2bc-5affbf3381f2,08be7532-5634-4711-8f5d-87bbad608a54,https://images.example.com/products/GAM-8452_1.jpg,Product image 1 of GAM-8452,0
ca495dbe-5eb8-4b12-85f5-73959d2f998c,08be7532-5634-4711-8f5d-87bbad608a54,https://images.example.com/products/GAM-8452_2.jpg,Product image 2 of GAM-8452,1
85b3ada9-81c0-4fd0-ae9f-621bbdf8654f,08be7532-5634-4711-8f5d-87bbad608a54,https://images.example.com/products/GAM-8452_3.jpg,Product image 3 of GAM-8452,2
86ac146a-6d48-4b16-9fe4-7bb49beadfb4,b1aea33f-c70b-4bb3-ac66-7ba963aab2d1,https://images.example.com/products/GAM-9698_1.jpg,Product image 1 of GAM-9698,0
225800de-82b2-46d0-8c2b-b7b2da2038fe,8d266742-2601-4443-a749-72bb8ae21e46,https://images.example.com/products/GAM-1844_1.jpg,Product image 1 of GAM-1844,0
10d3ae46-1e7b-4f94-83e7-1efd4fec63bf,8d266742-2601-4443-a749-72bb8ae21e46,https://images.example.com/products/GAM-1844_2.jpg,Product image 2 of GAM-1844,1
41b9cb1b-a66c-418e-b6ba-e118df46b70a,1880a50a-53c2-4765-8d5d-f260c68da57b,https://images.example.com/products/GAM-8839_1.jpg,Product image 1 of GAM-8839,0
085b5f54-7f92-4031-9f39-7aebb0e70008,1880a50a-53c2-4765-8d5d-f260c68da57b,https://images.example.com/products/GAM-8839_2.jpg,Product image 2 of GAM-8839,1
90f136ac-6476-47ee-910c-8ddf527c77a5,1880a50a-53c2-4765-8d5d-f260c68da57b,https://images.example.com/products/GAM-8839_3.jpg,Product image 3 of GAM-8839,2
5b676133-434c-408c-a558-4a678a7315c6,1880a50a-53c2-4765-8d5d-f260c68da57b,https://images.example.com/products/GAM-8839_4.jpg,Product image 4 of GAM-8839,3
9f04e014-45cb-46cf-b8f9-cccdb07d9edf,1c8d8cde-2da7-44f4-9fa6-88d11db03e19,https://images.example.com/products/GAM-8412_1.jpg,Product image 1 of GAM-8412,0
7b03ca2b-c8a2-4811-a4d3-971b83428522,0acd8e23-2afc-4bd4-aac5-07e4151a03f9,https://images.example.com/products/GAM-2313_1.jpg,Product image 1 of GAM-2313,0
955ab670-70e5-4123-8296-5f6dbf266fad,0acd8e23-2afc-4bd4-aac5-07e4151a03f9,https://images.example.com/products/GAM-2313_2.jpg,Product image 2 of GAM-2313,1
5e1dac9e-0a14-408e-b0be-f47a46f46c71,0acd8e23-2afc-4bd4-aac5-07e4151a03f9,https://images.example.com/products/GAM-2313_3.jpg,Product image 3 of GAM-2313,2
fb81c14b-fc55-4158-9410-47dbceb37388,0acd8e23-2afc-4bd4-aac5-07e4151a03f9,https://images.example.com/products/GAM-2313_4.jpg,Product image 4 of GAM-2313,3
c2bbc5c8-96fc-48ce-8d7a-23045d365f81,f6a25213-23ae-4e96-9c43-e9f54444eef9,https://images.example.com/products/GAM-5803_1.jpg,Product image 1 of GAM-5803,0
fbfa5256-01c8-4378-bf0e-898466c8ce14,f6a25213-23ae-4e96-9c43-e9f54444eef9,https://images.example.com/products/GAM-5803_2.jpg,Product image 2 of GAM-5803,1
62689c7c-e0fe-4298-a12b-5fad6267cdb6,f6a25213-23ae-4e96-9c43-e9f54444eef9,https://images.example.com/products/GAM-5803_3.jpg,Product image 3 of GAM-5803,2
e936de2b-695b-4837-a5e5-c76a1a8aa958,f6a25213-23ae-4e96-9c43-e9f54444eef9,https://images.example.com/products/GAM-5803_4.jpg,Product image 4 of GAM-5803,3
595b30ec-3d44-4573-9d08-ff8de6c45636,d055792c-1100-4430-b53b-28f620152e12,https://images.example.com/products/GAM-7745_1.jpg,Product image 1 of GAM-7745,0
29320263-a50f-4cd2-b575-0d8b5079c2fd,5d21817d-bd8d-4c3a-8e30-a6951fa70803,https://images.example.com/products/GAM-4715_1.jpg,Product image 1 of GAM-4715,0
430a8acf-2508-4f32-86f3-193323114abb,a02044a3-ad8d-49c2-8c9b-ffb673646b40,https://images.example.com/products/CAM-3641_1.jpg,Product image 1 of CAM-3641,0
19aa46ad-2e19-45e6-862f-8ddf803fed74,a02044a3-ad8d-49c2-8c9b-ffb673646b40,https://images.example.com/products/CAM-3641_2.jpg,Product image 2 of CAM-3641,1
b41b93cc-aa76-4417-bf59-fd1fa39d276b,5b0642ff-710e-4889-b254-4170d2ecb9c6,https://images.example.com/products/CAM-7109_1.jpg,Product image 1 of CAM-7109,0
a40ae99e-d99e-4946-8df2-0c1d855cf674,9560b98c-336f-48b6-b144-f5707fef8038,https://images.example.com/products/CAM-5842_1.jpg,Product image 1 of CAM-5842,0
b0d0c9b9-a87a-46c0-9f60-c3d36b9f359e,9560b98c-336f-48b6-b144-f5707fef8038,https://images.example.com/products/CAM-5842_2.jpg,Product image 2 of CAM-5842,1
bb30293e-2ddc-44e7-a088-04a32ffdfd7c,abdaf101-9e5c-49d1-a56a-b15d346f734f,https://images.example.com/products/CAM-6047_1.jpg,Product image 1 of CAM-6047,0
071c12a0-f273-4a63-8229-6a9ffd83ed53,abdaf101-9e5c-49d1-a56a-b15d346f734f,https://images.example.com/products/CAM-6047_2.jpg,Product image 2 of CAM-6047,1
a3d59ddf-5905-4f85-991f-f468a9fefbf7,698d7b76-1a43-41d2-89df-4199c4e8ad70,https://images.example.com/products/CAM-9821_1.jpg,Product image 1 of CAM-9821,0
0ffae190-7706-4a0d-ad49-e2326c520b68,2aacf32c-bc30-49a5-88b0-6d2b3fce89b8,https://images.example.com/products/CAM-7056_1.jpg,Product image 1 of CAM-7056,0
a8d52ec6-8b45-40df-8259-4ef30b3d5bfb,2aacf32c-bc30-49a5-88b0-6d2b3fce89b8,https://images.example.com/products/CAM-7056_2.jpg,Product image 2 of CAM-7056,1
4088cd3f-8a65-4fce-bf63-befdc4fa70c8,2aacf32c-bc30-49a5-88b0-6d2b3fce89b8,https://images.example.com/products/CAM-7056_3.jpg,Product image 3 of CAM-7056,2
9d255564-ac0b-4fa6-bb23-e19f987dd4a1,2aacf32c-bc30-49a5-88b0-6d2b3fce89b8,https://images.example.com/products/CAM-7056_4.jpg,Product image 4 of CAM-7056,3
aca09e59-d6fa-4a57-aa1b-e6255ae78b07,8547b0ab-d519-421c-b307-fb6a330e67e5,https://images.example.com/products/CAM-3683_1.jpg,Product image 1 of CAM-3683,0
380465b5-716b-4e90-a467-2816d470f05b,8547b0ab-d519-421c-b307-fb6a330e67e5,https://images.example.com/products/CAM-3683_2.jpg,Product image 2 of CAM-3683,1
4c51ca11-0501-4d80-b6e1-42966280b9e4,8547b0ab-d519-421c-b307-fb6a330e67e5,https://images.example.com/products/CAM-3683_3.jpg,Product image 3 of CAM-3683,2
ff3d7e4b-aa80-40f7-922f-caae3262c9eb,478169f3-ba1d-40f8-95ca-ef0bacfd4302,https://images.example.com/products/CAM-2449_1.jpg,Product image 1 of CAM-2449,0
49f2f010-8e6e-4249-bd0b-d9f9248cf6fd,18ab8c3a-7e68-4bb5-841b-4854ec2ba2fa,https://images.example.com/products/CAM-5979_1.jpg,Product image 1 of CAM-5979,0
00e2bdc1-069f-4e03-bb01-e9310f63108a,bab5bb4a-2ec0-4623-8395-dbde70ff39c3,https://images.example.com/products/CAM-7834_1.jpg,Product image 1 of CAM-7834,0
5cd14f4e-6960-4d05-bcc2-d6dd1d67335c,bab5bb4a-2ec0-4623-8395-dbde70ff39c3,https://images.example.com/products/CAM-7834_2.jpg,Product image 2 of CAM-7834,1
e4de88e7-0c60-4e85-b34a-8614a7f74a3e,363ef7bf-30e4-49fc-b0a3-c1e957ed8e46,https://images.example.com/products/CAM-8799_1.jpg,Product image 1 of CAM-8799,0
2114ea39-75ff-4614-8674-519e81fdbe7c,363ef7bf-30e4-49fc-b0a3-c1e957ed8e46,https://images.example.com/products/CAM-8799_2.jpg,Product image 2 of CAM-8799,1
0667d2b1-692a-4c0e-8913-ce4767cf592d,950ec00d-1b5e-4dca-8db1-91fa1187b29e,https://images.example.com/products/CAM-6917_1.jpg,Product image 1 of CAM-6917,0
f08d4ce1-b8c2-45be-8649-44a6589c1387,950ec00d-1b5e-4dca-8db1-91fa1187b29e,https://images.example.com/products/CAM-6917_2.jpg,Product image 2 of CAM-6917,1
e939ed4c-099a-4e32-ad3e-fd99868197c9,0c39abc0-9177-4a13-aa24-5a2ea6588cb5,https://images.example.com/products/CAM-9908_1.jpg,Product image 1 of CAM-9908,0
46cc6e93-7ebc-4a5f-8f85-006562a9d312,6153f3ec-ee5d-4b35-8477-54eed8e9d0b3,https://images.example.com/products/CAM-7111_1.jpg,Product image 1 of CAM-7111,0
5789c1c9-c0ad-404b-9367-7383672d3b08,6153f3ec-ee5d-4b35-8477-54eed8e9d0b3,https://images.example.com/products/CAM-7111_2.jpg,Product image 2 of CAM-7111,1
9838f14f-9ca1-4bad-8122-2456c5d271ba,6153f3ec-ee5d-4b35-8477-54eed8e9d0b3,https://images.example.com/products/CAM-7111_3.jpg,Product image 3 of CAM-7111,2
f1204f15-632b-4207-a1ac-47c9a50c1c2e,80f8bfb2-e668-4b98-846a-7f0589f3bd91,https://images.example.com/products/WEA-1284_1.jpg,Product image 1 of WEA-1284,0
d9f98721-c0b3-46f9-8b80-9c6ab1992624,77d0b75b-8c87-48c5-abcd-935d624050e8,https://images.example.com/products/WEA-4643_1.jpg,Product image 1 of WEA-4643,0
5c852437-7818-4a25-9c33-43111eb61145,cff9b57f-7dea-42b5-9c23-75db5a09e874,https://images.example.com/products/WEA-1696_1.jpg,Product image 1 of WEA-1696,0
de749648-9511-4c65-8ce0-a6dbc146d448,aaec88da-bf5c-4215-957e-5cbb3af02199,https://images.example.com/products/WEA-4277_1.jpg,Product image 1 of WEA-4277,0
6b8bde59-457a-4ba9-bc4c-59d8250e3ba0,aaec88da-bf5c-4215-957e-5cbb3af02199,https://images.example.com/products/WEA-4277_2.jpg,Product image 2 of WEA-4277,1
6db9443c-898c-4941-8703-8547fe82231c,aaec88da-bf5c-4215-957e-5cbb3af02199,https://images.example.com/products/WEA-4277_3.jpg,Product image 3 of WEA-4277,2
de7bba30-791b-4bbc-8288-b41e3fd38656,c151d8af-ea36-4334-aaa9-549643416a8e,https://images.example.com/products/WEA-1229_1.jpg,Product image 1 of WEA-1229,0
f440f283-f0e0-4f73-87fe-89b2a815af46,c151d8af-ea36-4334-aaa9-549643416a8e,https://images.example.com/products/WEA-1229_2.jpg,Product image 2 of WEA-1229,1
2cc57c0d-8cf2-45a7-ba0f-17fee2d25bd0,c151d8af-ea36-4334-aaa9-549643416a8e,https://images.example.com/products/WEA-1229_3.jpg,Product image 3 of WEA-1229,2
27f27e9d-200d-468f-ae96-464d48855158,90a9e14a-1f65-4aff-a859-76baa86ea5b3,https://images.example.com/products/WEA-8203_1.jpg,Product image 1 of WEA-8203,0
419b1107-21be-4e81-b7af-b343c7bb0096,90a9e14a-1f65-4aff-a859-76baa86ea5b3,https://images.example.com/products/WEA-8203_2.jpg,Product image 2 of WEA-8203,1
75ed6096-559f-4a0b-82f1-137c00e1c6f5,79a66605-6c2e-4848-8c59-0058cc12a3db,https://images.example.com/products/WEA-9123_1.jpg,Product image 1 of WEA-9123,0
8bb76e2a-86f7-4f22-a1dc-3f1f50675bdf,79a66605-6c2e-4848-8c59-0058cc12a3db,https://images.example.com/products/WEA-9123_2.jpg,Product image 2 of WEA-9123,1
ae3e3054-0f45-4fb1-9a62-0002a1cd2a7a,79a66605-6c2e-4848-8c59-0058cc12a3db,https://images.example.com/products/WEA-9123_3.jpg,Product image 3 of WEA-9123,2
1bffb291-2982-4edc-8bef-cf5bb3825ac2,79a66605-6c2e-4848-8c59-0058cc12a3db,https://images.example.com/products/WEA-9123_4.jpg,Product image 4 of WEA-9123,3
68f1588a-df21-4dd8-81e8-034b05172af2,e0d5eda2-7170-48f7-b307-882aa0b5df48,https://images.example.com/products/WEA-5761_1.jpg,Product image 1 of WEA-5761,0
1367f974-0f58-4353-ac02-9bd4bcc4516d,9f455ebf-fe8b-4b9d-ba65-01f12f2a7ce0,https://images.example.com/products/WEA-2953_1.jpg,Product image 1 of WEA-2953,0
3855f450-78c1-437d-80b9-6dade2b22a92,9f455ebf-fe8b-4b9d-ba65-01f12f2a7ce0,https://images.example.com/products/WEA-2953_2.jpg,Product image 2 of WEA-2953,1
4ca4eeb0-8266-443f-8fa3-73f75a79f063,938f13bb-7a3d-4850-86b8-6abd45e3d509,https://images.example.com/products/WEA-9177_1.jpg,Product image 1 of WEA-9177,0
5bc279f6-5c1c-4143-b8ad-024a1f686fa6,938f13bb-7a3d-4850-86b8-6abd45e3d509,https://images.example.com/products/WEA-9177_2.jpg,Product image 2 of WEA-9177,1
524b350c-5b95-4e58-bc60-d139cdbffcd1,938f13bb-7a3d-4850-86b8-6abd45e3d509,https://images.example.com/products/WEA-9177_3.jpg,Product image 3 of WEA-9177,2
e652aa7c-86c3-4178-bfd6-98e267662f67,8e93c4c9-3182-4c61-96da-36cd10ed3f77,https://images.example.com/products/WEA-9147_1.jpg,Product image 1 of WEA-9147,0
d46ab8d8-ed70-44d7-bfae-35ed25f13132,60d5206f-c108-4486-88c2-36042c81851c,https://images.example.com/products/WEA-5960_1.jpg,Product image 1 of WEA-5960,0
f33bc493-ad43-483e-bfef-a4e70bdcd200,60d5206f-c108-4486-88c2-36042c81851c,https://images.example.com/products/WEA-5960_2.jpg,Product image 2 of WEA-5960,1
3adfb1a2-dee4-4377-9257-4a2fe823b6bf,60d5206f-c108-4486-88c2-36042c81851c,https://images.example.com/products/WEA-5960_3.jpg,Product image 3 of WEA-5960,2
58a013db-4cf0-47b6-81cf-88f89e03df41,2dfcedf0-37c3-4f7a-808e-d81fe33b8005,https://images.example.com/products/WEA-9856_1.jpg,Product image 1 of WEA-9856,0
d1406fa9-b3a5-4ebd-b327-52ad9292eede,2dfcedf0-37c3-4f7a-808e-d81fe33b8005,https://images.example.com/products/WEA-9856_2.jpg,Product image 2 of WEA-9856,1
097883d9-3f53-4e81-bff7-7fa766d8fcf9,2dfcedf0-37c3-4f7a-808e-d81fe33b8005,https://images.example.com/products/WEA-9856_3.jpg,Product image 3 of WEA-9856,2
02036937-73ae-4f83-91c1-251b559ea3dc,2dfcedf0-37c3-4f7a-808e-d81fe33b8005,https://images.example.com/products/WEA-9856_4.jpg,Product image 4 of WEA-9856,3
57786d35-4847-40da-88b0-e48d938681ad,b1e11c29-6bef-4e90-9177-b07b772e92d5,https://images.example.com/products/MEN-3689_1.jpg,Product image 1 of MEN-3689,0
015baead-ca06-4002-98ed-974d8a982a62,b1e11c29-6bef-4e90-9177-b07b772e92d5,https://images.example.com/products/MEN-3689_2.jpg,Product image 2 of MEN-3689,1
868a4ace-9d24-4135-aa89-8a8cf385190b,5ca04615-5a96-49ee-8f26-bb1ea11854f7,https://images.example.com/products/MEN-9301_1.jpg,Product image 1 of MEN-9301,0
45233c46-ea95-4ab1-9fce-fec7b5dac3aa,5ca04615-5a96-49ee-8f26-bb1ea11854f7,https://images.example.com/products/MEN-9301_2.jpg,Product image 2 of MEN-9301,1
0387a8d2-70c1-41c5-8294-14436d6c5eec,5ca04615-5a96-49ee-8f26-bb1ea11854f7,https://images.example.com/products/MEN-9301_3.jpg,Product image 3 of MEN-9301,2
100ea08f-2568-4889-a7ec-d59f56d446c1,5ca04615-5a96-49ee-8f26-bb1ea11854f7,https://images.example.com/products/MEN-9301_4.jpg,Product image 4 of MEN-9301,3
9d411f77-9e82-4a2d-9740-a4fff988fd1e,5fa56508-25c8-49f0-bd32-49dff94802e1,https://images.example.com/products/MEN-7235_1.jpg,Product image 1 of MEN-7235,0
424da89a-1782-4832-ad34-79efcc892658,5fa56508-25c8-49f0-bd32-49dff94802e1,https://images.example.com/products/MEN-7235_2.jpg,Product image 2 of MEN-7235,1
995b3f09-1bca-4807-85bc-d8a0d3aee861,5fa56508-25c8-49f0-bd32-49dff94802e1,https://images.example.com/products/MEN-7235_3.jpg,Product image 3 of MEN-7235,2
cd1f59d9-6a28-464e-8866-05672a3a17d4,a6efe868-4059-44e4-824d-35a981fd4caa,https://images.example.com/products/MEN-6531_1.jpg,Product image 1 of MEN-6531,0
6165d9d4-baa1-44dd-a957-08ba8fd929b0,a6efe868-4059-44e4-824d-35a981fd4caa,https://images.example.com/products/MEN-6531_2.jpg,Product image 2 of MEN-6531,1
47349c69-f26e-4c64-be0f-ea468470ac27,a6efe868-4059-44e4-824d-35a981fd4caa,https://images.example.com/products/MEN-6531_3.jpg,Product image 3 of MEN-6531,2
99ffb9c1-2773-4fb2-b78f-9157ec2c874c,719a940d-b31a-465d-a33b-66407cc085a7,https://images.example.com/products/MEN-7394_1.jpg,Product image 1 of MEN-7394,0
280137e6-179f-467c-b3bc-87443944f76d,719a940d-b31a-465d-a33b-66407cc085a7,https://images.example.com/products/MEN-7394_2.jpg,Product image 2 of MEN-7394,1
3e42f168-92e1-4d82-8139-b15ae1d3dc5f,88aead94-42f6-4f0b-b998-bd1dd02907ca,https://images.example.com/products/MEN-8143_1.jpg,Product image 1 of MEN-8143,0
26ded8be-8dd8-4477-849b-9c0b33c1cd9c,8382c2df-10df-4f94-9c49-cc15004b8f1b,https://images.example.com/products/MEN-5478_1.jpg,Product image 1 of MEN-5478,0
a1068d9d-c132-4942-b722-fa265c5d9fe1,f7afd3d5-f595-4923-8609-a7a597914da3,https://images.example.com/products/MEN-7591_1.jpg,Product image 1 of MEN-7591,0
251a3bcd-dc68-4c69-8611-65f5fa0a5d1b,f7afd3d5-f595-4923-8609-a7a597914da3,https://images.example.com/products/MEN-7591_2.jpg,Product image 2 of MEN-7591,1
63797501-98f8-490c-8b89-68d05d9264ae,cb5e166d-dc41-41ce-bd8d-f3868da1e5e0,https://images.example.com/products/MEN-1981_1.jpg,Product image 1 of MEN-1981,0
1ad75e87-0110-44f5-86c9-0d970f0da3d2,17154c1e-69ac-40af-9ae3-5216484d15de,https://images.example.com/products/MEN-5702_1.jpg,Product image 1 of MEN-5702,0
e75a86ed-7716-456a-b2c5-fc6e5c297931,17154c1e-69ac-40af-9ae3-5216484d15de,https://images.example.com/products/MEN-5702_2.jpg,Product image 2 of MEN-5702,1
31fd31d0-9c6f-43d8-bfb7-b9364ab0a461,673a05fd-f773-478c-8ed6-f37485cf716d,https://images.example.com/products/MEN-1606_1.jpg,Product image 1 of MEN-1606,0
2ede39b7-d6b7-40b3-b8d1-d470d3464690,673a05fd-f773-478c-8ed6-f37485cf716d,https://images.example.com/products/MEN-1606_2.jpg,Product image 2 of MEN-1606,1
3f496c16-41b1-4b34-a053-540b0d129c10,f7de761f-29f6-4cee-8db2-ebb8f5932aa0,https://images.example.com/products/MEN-2041_1.jpg,Product image 1 of MEN-2041,0
6d7e45ad-c2bb-4b0c-8255-dc8ca56cd397,f7de761f-29f6-4cee-8db2-ebb8f5932aa0,https://images.example.com/products/MEN-2041_2.jpg,Product image 2 of MEN-2041,1
40588719-878c-4f9b-a91b-746902d036e9,f7de761f-29f6-4cee-8db2-ebb8f5932aa0,https://images.example.com/products/MEN-2041_3.jpg,Product image 3 of MEN-2041,2
b3201b31-3df4-4f5d-bd2f-9c1a844f7919,dbbb710f-7d10-4704-91ca-86b9cb893334,https://images.example.com/products/WOM-2478_1.jpg,Product image 1 of WOM-2478,0
981a575a-68b3-43ef-b300-9c86a5025ad1,dbbb710f-7d10-4704-91ca-86b9cb893334,https://images.example.com/products/WOM-2478_2.jpg,Product image 2 of WOM-2478,1
5558599a-9395-457f-9c4a-140e3c54cfe5,cad8160a-185e-44a1-99d7-9e208353217f,https://images.example.com/products/WOM-5498_1.jpg,Product image 1 of WOM-5498,0
a1042d86-9c08-40a6-9ea7-d6848109b99c,cad8160a-185e-44a1-99d7-9e208353217f,https://images.example.com/products/WOM-5498_2.jpg,Product image 2 of WOM-5498,1
ad1e4e34-db7c-4aea-a899-8b3c3645de67,14028d7c-80a0-4a4a-92d6-490e0773a40e,https://images.example.com/products/WOM-6947_1.jpg,Product image 1 of WOM-6947,0
b7c0e92c-eb32-4df5-b622-117e44f86c4c,14028d7c-80a0-4a4a-92d6-490e0773a40e,https://images.example.com/products/WOM-6947_2.jpg,Product image 2 of WOM-6947,1
881129f6-9cc6-4378-b564-3bedaaba7b9f,7454e4a1-bc2c-4330-8aff-7301516b1a2b,https://images.example.com/products/WOM-6945_1.jpg,Product image 1 of WOM-6945,0
5062b0cc-4c90-47a6-97a6-c28c0b606cff,7454e4a1-bc2c-4330-8aff-7301516b1a2b,https://images.example.com/products/WOM-6945_2.jpg,Product image 2 of WOM-6945,1
466c90aa-2d07-4b0a-9ab4-f0833da74e49,7454e4a1-bc2c-4330-8aff-7301516b1a2b,https://images.example.com/products/WOM-6945_3.jpg,Product image 3 of WOM-6945,2
969791d5-96f7-4594-b48e-9c18d768c36e,ed829c60-c2c4-4414-9a52-9e4746e4ec9a,https://images.example.com/products/WOM-8190_1.jpg,Product image 1 of WOM-8190,0
924502ef-d217-41d0-a355-8beef6f06e8d,ed829c60-c2c4-4414-9a52-9e4746e4ec9a,https://images.example.com/products/WOM-8190_2.jpg,Product image 2 of WOM-8190,1
e37d023b-b9c4-45b5-88dd-2bfa4edff6c9,ed829c60-c2c4-4414-9a52-9e4746e4ec9a,https://images.example.com/products/WOM-8190_3.jpg,Product image 3 of WOM-8190,2
a8673d96-64b2-4e07-97bd-ec69b62c6808,8b32c096-ee25-4c93-899b-0d4e61517670,https://images.example.com/products/WOM-3627_1.jpg,Product image 1 of WOM-3627,0
84c17f2e-b707-43f6-aca1-44a6b91718f8,8b32c096-ee25-4c93-899b-0d4e61517670,https://images.example.com/products/WOM-3627_2.jpg,Product image 2 of WOM-3627,1
7337bdb2-1989-42be-90d9-58739d98904d,e8b88fb0-a423-4050-9953-fcc7cd761c6b,https://images.example.com/products/WOM-1050_1.jpg,Product image 1 of WOM-1050,0
e19d912e-8110-4d47-aae1-87768352069f,e8b88fb0-a423-4050-9953-fcc7cd761c6b,https://images.example.com/products/WOM-1050_2.jpg,Product image 2 of WOM-1050,1
b9f0a536-4a2e-47c5-8676-a5488fbe8171,e8b88fb0-a423-4050-9953-fcc7cd761c6b,https://images.example.com/products/WOM-1050_3.jpg,Product image 3 of WOM-1050,2
4084086b-946a-46f6-aedd-4b8288311a8b,e8b88fb0-a423-4050-9953-fcc7cd761c6b,https://images.example.com/products/WOM-1050_4.jpg,Product image 4 of WOM-1050,3
a4e9ffac-f17e-4b0f-b8da-beb178ecc9c3,2c518d6a-d835-453d-906d-62705492c00e,https://images.example.com/products/WOM-5270_1.jpg,Product image 1 of WOM-5270,0
c76ea062-4bf4-4d03-a229-83c2d81221c7,485a1789-7c4e-41f4-a388-812dc74f6905,https://images.example.com/products/WOM-2457_1.jpg,Product image 1 of WOM-2457,0
23da83ce-e237-4832-846d-864f3125ca6f,485a1789-7c4e-41f4-a388-812dc74f6905,https://images.example.com/products/WOM-2457_2.jpg,Product image 2 of WOM-2457,1
eabb70c4-4304-4123-9983-fdfde36833cb,485a1789-7c4e-41f4-a388-812dc74f6905,https://images.example.com/products/WOM-2457_3.jpg,Product image 3 of WOM-2457,2
6a5554f7-ee06-406b-bbaf-8e18ddd729e6,3450138b-48be-46cc-b32a-164cb1d7fc22,https://images.example.com/products/WOM-8433_1.jpg,Product image 1 of WOM-8433,0
c1b476e2-db25-4c5d-820f-33a4d8fa1866,3450138b-48be-46cc-b32a-164cb1d7fc22,https://images.example.com/products/WOM-8433_2.jpg,Product image 2 of WOM-8433,1
a3989def-47a7-42c3-b26d-d5a870ada869,3450138b-48be-46cc-b32a-164cb1d7fc22,https://images.example.com/products/WOM-8433_3.jpg,Product image 3 of WOM-8433,2
0a7ee125-f61d-481e-be8d-970d249e08b5,5369328c-d9e8-446a-bde3-a0ec7c79627a,https://images.example.com/products/WOM-7853_1.jpg,Product image 1 of WOM-7853,0
3ebd1190-c2b3-4bbf-9be5-675a6879f937,5369328c-d9e8-446a-bde3-a0ec7c79627a,https://images.example.com/products/WOM-7853_2.jpg,Product image 2 of WOM-7853,1
85ecd16f-c6a0-4dce-82c2-32c1edd0b155,5369328c-d9e8-446a-bde3-a0ec7c79627a,https://images.example.com/products/WOM-7853_3.jpg,Product image 3 of WOM-7853,2
98a3004b-1db4-49f9-9c54-a7b7a86094b2,5369328c-d9e8-446a-bde3-a0ec7c79627a,https://images.example.com/products/WOM-7853_4.jpg,Product image 4 of WOM-7853,3
49d0e5b7-9a35-49fd-b5fd-0d14ef9ad378,7a259f86-49f3-47ee-83af-82df83744b5c,https://images.example.com/products/WOM-6296_1.jpg,Product image 1 of WOM-6296,0
c387a1d0-1e8b-4185-be64-b46811bfe911,7a259f86-49f3-47ee-83af-82df83744b5c,https://images.example.com/products/WOM-6296_2.jpg,Product image 2 of WOM-6296,1
99119112-05d0-4814-8fde-0833660b62c5,7850c2ac-abe3-4747-a59a-3f6721792939,https://images.example.com/products/WOM-1087_1.jpg,Product image 1 of WOM-1087,0
f93f5b83-1be0-4918-8a06-b5a1721121fc,7850c2ac-abe3-4747-a59a-3f6721792939,https://images.example.com/products/WOM-1087_2.jpg,Product image 2 of WOM-1087,1
d0a23c20-bf74-4685-be98-db5ebbf91076,7850c2ac-abe3-4747-a59a-3f6721792939,https://images.example.com/products/WOM-1087_3.jpg,Product image 3 of WOM-1087,2
5fd740d7-db1d-42d8-a473-994c5f9c92ac,7850c2ac-abe3-4747-a59a-3f6721792939,https://images.example.com/products/WOM-1087_4.jpg,Product image 4 of WOM-1087,3
4e604831-75dc-421b-8e29-afb0b72fefdf,9a190be6-d118-4bb7-9667-f52bba6bcda2,https://images.example.com/products/WOM-2468_1.jpg,Product image 1 of WOM-2468,0
230052bc-2d0c-465a-b69e-95018abd4e96,9a190be6-d118-4bb7-9667-f52bba6bcda2,https://images.example.com/products/WOM-2468_2.jpg,Product image 2 of WOM-2468,1
0c0ab975-00e9-445a-bf60-adc0af6f5372,9a190be6-d118-4bb7-9667-f52bba6bcda2,https://images.example.com/products/WOM-2468_3.jpg,Product image 3 of WOM-2468,2
93eebea6-8c3b-427b-ab6d-2706ed09f1b8,9a190be6-d118-4bb7-9667-f52bba6bcda2,https://images.example.com/products/WOM-2468_4.jpg,Product image 4 of WOM-2468,3
db741102-cdcc-4230-af39-cf7667dcdf19,a9fbfa3e-2c9d-447c-8c32-69ae329cff8e,https://images.example.com/products/WOM-9470_1.jpg,Product image 1 of WOM-9470,0
53c5db60-0764-455b-9675-b67221188eb0,6dc11c93-110b-468d-b4ca-b46fbc7d5bac,https://images.example.com/products/WOM-1587_1.jpg,Product image 1 of WOM-1587,0
0f374574-f66f-48e8-9ba7-bbc9f6a3d517,6dc11c93-110b-468d-b4ca-b46fbc7d5bac,https://images.example.com/products/WOM-1587_2.jpg,Product image 2 of WOM-1587,1
0d09e3a4-074e-4c77-bce7-91f2ec970b42,6dc11c93-110b-468d-b4ca-b46fbc7d5bac,https://images.example.com/products/WOM-1587_3.jpg,Product image 3 of WOM-1587,2
37c08d66-ce07-4da5-a487-f19c40b95d8e,e64d0e13-600a-41fb-8ba3-3900e982b99e,https://images.example.com/products/WOM-3025_1.jpg,Product image 1 of WOM-3025,0
80f4a212-5a02-4df1-8e2d-99b4d2cdb1df,e64d0e13-600a-41fb-8ba3-3900e982b99e,https://images.example.com/products/WOM-3025_2.jpg,Product image 2 of WOM-3025,1
e72b168c-125e-4899-b2b9-6169e14855e6,e64d0e13-600a-41fb-8ba3-3900e982b99e,https://images.example.com/products/WOM-3025_3.jpg,Product image 3 of WOM-3025,2
6cfd2f21-ef75-4834-a330-23f955f85353,e64d0e13-600a-41fb-8ba3-3900e982b99e,https://images.example.com/products/WOM-3025_4.jpg,Product image 4 of WOM-3025,3
91287eb9-7c32-477f-8c6f-f69c78e3684c,47774a60-e5bd-4e10-ad83-3e1e679c4e62,https://images.example.com/products/WOM-7822_1.jpg,Product image 1 of WOM-7822,0
59ffcae3-0b8b-45f0-a258-a3c6028ac56e,47774a60-e5bd-4e10-ad83-3e1e679c4e62,https://images.example.com/products/WOM-7822_2.jpg,Product image 2 of WOM-7822,1
89361cd4-4902-4163-ad3b-2d4364453370,3d87c73c-2648-4298-a151-d082a53aaf4f,https://images.example.com/products/WOM-8540_1.jpg,Product image 1 of WOM-8540,0
452d5f83-052c-4d52-9eed-947c1fc6020a,3d87c73c-2648-4298-a151-d082a53aaf4f,https://images.example.com/products/WOM-8540_2.jpg,Product image 2 of WOM-8540,1
89bb09d6-e9bf-468f-ab20-acc050628820,7241525b-2702-4832-8d94-cafbe821ca0e,https://images.example.com/products/WOM-6294_1.jpg,Product image 1 of WOM-6294,0
5c7aa61a-e244-41fd-81b2-be5715ab2400,b51b0220-1ab3-4a75-8f3b-963a9f529af8,https://images.example.com/products/KID-2975_1.jpg,Product image 1 of KID-2975,0
1f77510e-bd74-4272-968c-287e958448c8,b51b0220-1ab3-4a75-8f3b-963a9f529af8,https://images.example.com/products/KID-2975_2.jpg,Product image 2 of KID-2975,1
79a9408a-45c6-47eb-bec9-3b36c9260460,b51b0220-1ab3-4a75-8f3b-963a9f529af8,https://images.example.com/products/KID-2975_3.jpg,Product image 3 of KID-2975,2
e72258ee-975a-41b7-bf6b-e7e4ca49c687,5365f210-13b2-4e0b-aed5-835d61e95028,https://images.example.com/products/KID-2478_1.jpg,Product image 1 of KID-2478,0
c7cf4187-24f3-42b2-b45e-44d229a81780,5365f210-13b2-4e0b-aed5-835d61e95028,https://images.example.com/products/KID-2478_2.jpg,Product image 2 of KID-2478,1
10f26848-3c0a-483d-91a2-a231851f5db0,ffcc3f59-cb43-490f-b2f4-e014ca8d7aa8,https://images.example.com/products/KID-5762_1.jpg,Product image 1 of KID-5762,0
bf9830ee-09d1-4d8e-a267-a85696340102,ffcc3f59-cb43-490f-b2f4-e014ca8d7aa8,https://images.example.com/products/KID-5762_2.jpg,Product image 2 of KID-5762,1
fe4a88ec-255e-43b3-ae47-43c610ffde1f,ffcc3f59-cb43-490f-b2f4-e014ca8d7aa8,https://images.example.com/products/KID-5762_3.jpg,Product image 3 of KID-5762,2
41868bdc-286a-4c42-ad32-9ae5f74c34bb,90a91fdc-1e8a-4319-b28c-e96136230fd1,https://images.example.com/products/KID-9366_1.jpg,Product image 1 of KID-9366,0
82bd454c-0f88-4a0b-8fcc-dc1849b21752,90a91fdc-1e8a-4319-b28c-e96136230fd1,https://images.example.com/products/KID-9366_2.jpg,Product image 2 of KID-9366,1
b518d9f5-faed-4420-b2e0-96cf5ace7725,4849d0d9-9c42-48f8-b89b-05d93024bd0b,https://images.example.com/products/KID-1741_1.jpg,Product image 1 of KID-1741,0
7d9adb5c-58bc-417b-b664-e6f30a927f43,4849d0d9-9c42-48f8-b89b-05d93024bd0b,https://images.example.com/products/KID-1741_2.jpg,Product image 2 of KID-1741,1
5999f32f-2d8e-4ac4-9a18-edfc287bbfb2,4849d0d9-9c42-48f8-b89b-05d93024bd0b,https://images.example.com/products/KID-1741_3.jpg,Product image 3 of KID-1741,2
fd4e80d6-2078-4ddf-9034-9e7099b723d2,4849d0d9-9c42-48f8-b89b-05d93024bd0b,https://images.example.com/products/KID-1741_4.jpg,Product image 4 of KID-1741,3
bce06855-e174-4114-836e-89eaa27fa6db,06772580-6ae0-470b-8569-35ff1ee023a6,https://images.example.com/products/KID-5248_1.jpg,Product image 1 of KID-5248,0
b3bda213-420e-4e4e-b7d2-7b110fa812d1,06772580-6ae0-470b-8569-35ff1ee023a6,https://images.example.com/products/KID-5248_2.jpg,Product image 2 of KID-5248,1
eb14e2fb-9ff3-4e45-b78c-b1c9b5aa6acc,d0ccf8cb-1830-4252-8269-d62dc4b9ccb7,https://images.example.com/products/KID-7471_1.jpg,Product image 1 of KID-7471,0
b317ae7d-1afd-4185-9f9b-03da2fb8144b,d0ccf8cb-1830-4252-8269-d62dc4b9ccb7,https://images.example.com/products/KID-7471_2.jpg,Product image 2 of KID-7471,1
7add1c40-302b-464f-9ecd-f882f48a78a2,d0ccf8cb-1830-4252-8269-d62dc4b9ccb7,https://images.example.com/products/KID-7471_3.jpg,Product image 3 of KID-7471,2
f5de651e-b709-47e6-93d0-35446abab820,bff15058-aeaa-48d6-a52f-12d1f1af9b4c,https://images.example.com/products/KID-2410_1.jpg,Product image 1 of KID-2410,0
79b34e66-f94e-4403-b409-d042fa834be5,bff15058-aeaa-48d6-a52f-12d1f1af9b4c,https://images.example.com/products/KID-2410_2.jpg,Product image 2 of KID-2410,1
71c06a6c-47f6-4855-8047-1998bd7e4084,bff15058-aeaa-48d6-a52f-12d1f1af9b4c,https://images.example.com/products/KID-2410_3.jpg,Product image 3 of KID-2410,2
dec630f7-7324-49c8-b1c7-cd55cfd0e668,bff15058-aeaa-48d6-a52f-12d1f1af9b4c,https://images.example.com/products/KID-2410_4.jpg,Product image 4 of KID-2410,3
0b8ee99f-d316-4586-b848-439917ebce6f,5a0a9f00-f912-4634-8433-d903b837d6f7,https://images.example.com/products/KID-7418_1.jpg,Product image 1 of KID-7418,0
d0d0c83d-0b30-4ea3-b3f8-e00f2459cca9,5a0a9f00-f912-4634-8433-d903b837d6f7,https://images.example.com/products/KID-7418_2.jpg,Product image 2 of KID-7418,1
10e2613f-13c5-4135-b416-0f0a9ad8a9cf,5a0a9f00-f912-4634-8433-d903b837d6f7,https://images.example.com/products/KID-7418_3.jpg,Product image 3 of KID-7418,2
866bca5a-c018-4ffc-8775-18336db178db,5a0a9f00-f912-4634-8433-d903b837d6f7,https://images.example.com/products/KID-7418_4.jpg,Product image 4 of KID-7418,3
370e672c-8956-4e63-848a-43e10e14c7f1,f6b4a8de-62d0-4d49-8433-8c47e9448c68,https://images.example.com/products/KID-4799_1.jpg,Product image 1 of KID-4799,0
287f6c1d-7ad1-4b56-b702-9427e1fdf243,27718268-0ec6-4920-b76c-57c48dabf9a2,https://images.example.com/products/KID-8345_1.jpg,Product image 1 of KID-8345,0
3f00afe8-3b7b-496c-b521-230014cb378b,27718268-0ec6-4920-b76c-57c48dabf9a2,https://images.example.com/products/KID-8345_2.jpg,Product image 2 of KID-8345,1
02ccf75a-705d-4f2d-bb48-c9c1b6582300,31d1fa3d-74db-44df-801a-c67298c5c5bb,https://images.example.com/products/KID-3148_1.jpg,Product image 1 of KID-3148,0
0f607790-758e-4125-815d-2242fcb4a828,d248e243-4f4d-43ef-baa7-d9ff026ab3cd,https://images.example.com/products/KID-2653_1.jpg,Product image 1 of KID-2653,0
43cf8e1e-9528-45d4-9bfa-0e861072b44c,d248e243-4f4d-43ef-baa7-d9ff026ab3cd,https://images.example.com/products/KID-2653_2.jpg,Product image 2 of KID-2653,1
94321ee5-86fc-4b51-a4cd-beacfa8850d2,d248e243-4f4d-43ef-baa7-d9ff026ab3cd,https://images.example.com/products/KID-2653_3.jpg,Product image 3 of KID-2653,2
480f1577-eab7-42fe-9eb0-dc21254ea899,bedc29a4-2e11-440f-b154-2b671b079820,https://images.example.com/products/KID-2043_1.jpg,Product image 1 of KID-2043,0
0cb6921e-7e15-48b4-afb2-1f399e481dfe,f19accb2-9359-45ab-b88d-80303ff139c9,https://images.example.com/products/KID-1826_1.jpg,Product image 1 of KID-1826,0
d0623a59-dd2c-44c1-8a90-4322281dd46c,68db4103-e11f-40bf-8f10-d9bec8df67c3,https://images.example.com/products/KID-3572_1.jpg,Product image 1 of KID-3572,0
7a3759d9-eb6c-40db-9d14-84989ae893fb,68db4103-e11f-40bf-8f10-d9bec8df67c3,https://images.example.com/products/KID-3572_2.jpg,Product image 2 of KID-3572,1
57153a2c-3462-4389-80be-e527fe80c8ea,68db4103-e11f-40bf-8f10-d9bec8df67c3,https://images.example.com/products/KID-3572_3.jpg,Product image 3 of KID-3572,2
26450923-1ffa-4573-a9f3-b9c58cd8c2dd,68db4103-e11f-40bf-8f10-d9bec8df67c3,https://images.example.com/products/KID-3572_4.jpg,Product image 4 of KID-3572,3
ec2963b8-cacd-4938-8406-3776e6d405c8,d636cf16-f1f7-485b-80b1-dc82533e22cd,https://images.example.com/products/KID-5019_1.jpg,Product image 1 of KID-5019,0
29def2c3-e3f1-40e9-99ad-8b298bcd8cd0,ce0950ac-cd47-46fa-b392-d2d4b8169c2b,https://images.example.com/products/KID-3260_1.jpg,Product image 1 of KID-3260,0
30c62b86-aa94-49f0-8f2c-a529732223d5,ce0950ac-cd47-46fa-b392-d2d4b8169c2b,https://images.example.com/products/KID-3260_2.jpg,Product image 2 of KID-3260,1
a5b8ed6f-36d9-4d53-abb0-5fde94567c19,ce0950ac-cd47-46fa-b392-d2d4b8169c2b,https://images.example.com/products/KID-3260_3.jpg,Product image 3 of KID-3260,2
8aa68e62-69bb-4379-bfba-15de230d6026,d386e7da-38e6-438f-a04b-b7848ff2f491,https://images.example.com/products/SHO-8111_1.jpg,Product image 1 of SHO-8111,0
ca971ead-88f7-4141-9e1d-0c0310bf9ed8,a6bbcd06-20b8-4a3d-9da9-40edf0bb4773,https://images.example.com/products/SHO-5583_1.jpg,Product image 1 of SHO-5583,0
25ebe24c-0748-42f3-95b9-56ab6bdc2ccc,a6bbcd06-20b8-4a3d-9da9-40edf0bb4773,https://images.example.com/products/SHO-5583_2.jpg,Product image 2 of SHO-5583,1
4fbab41c-20f6-43c8-b35a-297701a8672e,a6bbcd06-20b8-4a3d-9da9-40edf0bb4773,https://images.example.com/products/SHO-5583_3.jpg,Product image 3 of SHO-5583,2
d0c7b96c-67d4-4963-bccb-643db7b31281,d3ec9408-e526-4d07-beae-d0651f6f29bb,https://images.example.com/products/SHO-2380_1.jpg,Product image 1 of SHO-2380,0
7304dc81-1156-4b72-b106-5734c9c071fd,d3ec9408-e526-4d07-beae-d0651f6f29bb,https://images.example.com/products/SHO-2380_2.jpg,Product image 2 of SHO-2380,1
943e80c4-5428-4220-8e8c-e75e15fa7a7b,d3ec9408-e526-4d07-beae-d0651f6f29bb,https://images.example.com/products/SHO-2380_3.jpg,Product image 3 of SHO-2380,2
64631fb9-b07a-4d7f-a128-9a59915f31e8,21048970-bd7c-4b72-a94f-4b6873c5f282,https://images.example.com/products/SHO-4954_1.jpg,Product image 1 of SHO-4954,0
30ad6b57-d25b-49f3-b07c-e352ce8a0117,21048970-bd7c-4b72-a94f-4b6873c5f282,https://images.example.com/products/SHO-4954_2.jpg,Product image 2 of SHO-4954,1
38089c53-a273-4cec-97f1-ddb3e27a55d2,21048970-bd7c-4b72-a94f-4b6873c5f282,https://images.example.com/products/SHO-4954_3.jpg,Product image 3 of SHO-4954,2
11f80f64-2b19-476a-a5bb-4ef34f3958a3,700b8669-db69-4d55-963f-19d179606a1c,https://images.example.com/products/SHO-8424_1.jpg,Product image 1 of SHO-8424,0
c1e05458-2b89-46da-a81e-cafa28e735a5,700b8669-db69-4d55-963f-19d179606a1c,https://images.example.com/products/SHO-8424_2.jpg,Product image 2 of SHO-8424,1
953a3a93-1a5d-4850-b392-c2bb4041f741,3810feac-292b-4968-96a8-905a8965e4b0,https://images.example.com/products/SHO-6371_1.jpg,Product image 1 of SHO-6371,0
254746d0-c988-4e38-b1de-3a2428cd2d29,3810feac-292b-4968-96a8-905a8965e4b0,https://images.example.com/products/SHO-6371_2.jpg,Product image 2 of SHO-6371,1
4df08445-2f29-418c-9caf-40a7182f916a,b76c0480-a3a5-435e-bec7-461fcb4f84e3,https://images.example.com/products/SHO-7050_1.jpg,Product image 1 of SHO-7050,0
2de802e4-63af-45c2-bf8d-4b76be798251,b76c0480-a3a5-435e-bec7-461fcb4f84e3,https://images.example.com/products/SHO-7050_2.jpg,Product image 2 of SHO-7050,1
eeaf8137-66f5-4f88-85e6-6ad618fdb09b,b76c0480-a3a5-435e-bec7-461fcb4f84e3,https://images.example.com/products/SHO-7050_3.jpg,Product image 3 of SHO-7050,2
8b1ce29d-ee24-4d23-87d1-84d74423f42e,cdeacc4a-ab67-466c-a5fd-f2e08cdf7e69,https://images.example.com/products/SHO-8942_1.jpg,Product image 1 of SHO-8942,0
91b86006-a78b-4389-8f65-4259c0ae1b41,97910842-c7ba-4f9a-a2cd-c31dd85b2e77,https://images.example.com/products/SHO-2980_1.jpg,Product image 1 of SHO-2980,0
6e7a8390-9957-41f7-8fba-f2e88e1fd50b,0d0eabe6-da39-4d9b-b6ce-b09ebd687175,https://images.example.com/products/SHO-5644_1.jpg,Product image 1 of SHO-5644,0
4beb03a2-3ffd-40c7-8a02-c5805ab01a33,0d0eabe6-da39-4d9b-b6ce-b09ebd687175,https://images.example.com/products/SHO-5644_2.jpg,Product image 2 of SHO-5644,1
6b9025c9-8a8f-4db8-b01c-cc3a066ab5dc,0d0eabe6-da39-4d9b-b6ce-b09ebd687175,https://images.example.com/products/SHO-5644_3.jpg,Product image 3 of SHO-5644,2
7ecee555-5a9c-4688-93a3-8af62afc7662,0d0eabe6-da39-4d9b-b6ce-b09ebd687175,https://images.example.com/products/SHO-5644_4.jpg,Product image 4 of SHO-5644,3
1bddc9b1-af74-4c31-b7bd-1da7c288f5ac,b12c5d61-54bc-4716-9c31-973800975c5a,https://images.example.com/products/SHO-3175_1.jpg,Product image 1 of SHO-3175,0
0b7730fb-a236-48c5-b4ef-746a3cf5bb86,b12c5d61-54bc-4716-9c31-973800975c5a,https://images.example.com/products/SHO-3175_2.jpg,Product image 2 of SHO-3175,1
a8804acd-e6d3-49c2-ba96-d7e1eb157c34,5b6409a6-07f4-4954-abbe-c592e0aa2d08,https://images.example.com/products/SHO-9863_1.jpg,Product image 1 of SHO-9863,0
a9e93664-fcf4-4324-b26d-39fe2ec54fbc,5b6409a6-07f4-4954-abbe-c592e0aa2d08,https://images.example.com/products/SHO-9863_2.jpg,Product image 2 of SHO-9863,1
236f4f8d-a7dc-4197-a64b-682f51aedd03,5b6409a6-07f4-4954-abbe-c592e0aa2d08,https://images.example.com/products/SHO-9863_3.jpg,Product image 3 of SHO-9863,2
c6ee9531-3fae-4dbf-bba6-a67ee47483ed,5b6409a6-07f4-4954-abbe-c592e0aa2d08,https://images.example.com/products/SHO-9863_4.jpg,Product image 4 of SHO-9863,3
2c1e0ca9-62b2-4ff6-a3cf-da34b8ef1ed7,2d15d640-04c0-4c3c-9f18-a95f04a88d64,https://images.example.com/products/SHO-9548_1.jpg,Product image 1 of SHO-9548,0
4cfdca31-b5f6-49db-aa2e-0ffbf092e442,124ae4d8-ddf8-4d9e-9f8e-ee457c3156f7,https://images.example.com/products/SHO-7583_1.jpg,Product image 1 of SHO-7583,0
3d84bd93-10b6-4e2b-970e-288924271afb,bb0f8a71-8075-4ae2-86cb-35a1972aa5a2,https://images.example.com/products/SHO-3359_1.jpg,Product image 1 of SHO-3359,0
2d048546-af6c-46af-973e-91385e48aeab,bb0f8a71-8075-4ae2-86cb-35a1972aa5a2,https://images.example.com/products/SHO-3359_2.jpg,Product image 2 of SHO-3359,1
3ff7fca7-a78d-4873-ba41-6c90021545f3,f17797d2-678e-4c98-a07c-e21ce483ff9b,https://images.example.com/products/SHO-3334_1.jpg,Product image 1 of SHO-3334,0
0b98581a-bd15-4cb9-a425-6d75be32c04e,f17797d2-678e-4c98-a07c-e21ce483ff9b,https://images.example.com/products/SHO-3334_2.jpg,Product image 2 of SHO-3334,1
9e414b6b-f1fa-43a2-bbdf-255a1c80a03c,f17797d2-678e-4c98-a07c-e21ce483ff9b,https://images.example.com/products/SHO-3334_3.jpg,Product image 3 of SHO-3334,2
e2574298-27ef-42ed-be10-dd062be3bf67,54aacb3f-63df-42cd-929f-d3eb3e7b135f,https://images.example.com/products/SHO-8615_1.jpg,Product image 1 of SHO-8615,0
3ba3aed7-164f-4f99-99fa-97db24ee80dc,54aacb3f-63df-42cd-929f-d3eb3e7b135f,https://images.example.com/products/SHO-8615_2.jpg,Product image 2 of SHO-8615,1
c935719a-996e-46ea-ba07-9b0625e19684,54aacb3f-63df-42cd-929f-d3eb3e7b135f,https://images.example.com/products/SHO-8615_3.jpg,Product image 3 of SHO-8615,2
e5b03f60-1bf3-44e9-b03c-f1dc90437338,54aacb3f-63df-42cd-929f-d3eb3e7b135f,https://images.example.com/products/SHO-8615_4.jpg,Product image 4 of SHO-8615,3
f993f8ea-4d56-4a7b-b97b-e21c63b3ec45,c6358634-ea53-4d52-b585-39607e6c0f46,https://images.example.com/products/ACC-5990_1.jpg,Product image 1 of ACC-5990,0
d456923e-2268-4b8e-b7f7-5d390c3206cb,060f5119-f6f3-4ee8-8400-888faf5e2b50,https://images.example.com/products/ACC-5739_1.jpg,Product image 1 of ACC-5739,0
07c58c39-0e95-462b-96fa-ef573e5ad8c3,060f5119-f6f3-4ee8-8400-888faf5e2b50,https://images.example.com/products/ACC-5739_2.jpg,Product image 2 of ACC-5739,1
c8ed5d51-cf55-49c2-af14-1fdf410f0996,060f5119-f6f3-4ee8-8400-888faf5e2b50,https://images.example.com/products/ACC-5739_3.jpg,Product image 3 of ACC-5739,2
564360df-371f-4416-9f9d-35e8f9ca6b44,93e2037d-1605-4db8-b1e9-0e23084a8e9c,https://images.example.com/products/ACC-5925_1.jpg,Product image 1 of ACC-5925,0
ff5519c0-2d1c-471e-909a-737f5ccf41ed,93e2037d-1605-4db8-b1e9-0e23084a8e9c,https://images.example.com/products/ACC-5925_2.jpg,Product image 2 of ACC-5925,1
1fa52369-ceaa-4020-acfe-828cb816a3cf,93e2037d-1605-4db8-b1e9-0e23084a8e9c,https://images.example.com/products/ACC-5925_3.jpg,Product image 3 of ACC-5925,2
8d2e8511-4135-4818-a44a-bc1770c2618e,23e4cfa3-8d11-455e-a5cb-1b92b22bb14d,https://images.example.com/products/ACC-6597_1.jpg,Product image 1 of ACC-6597,0
efcd6e8b-ac58-4990-870c-33e642d08cb4,23e4cfa3-8d11-455e-a5cb-1b92b22bb14d,https://images.example.com/products/ACC-6597_2.jpg,Product image 2 of ACC-6597,1
cf67946e-7f8d-4dbb-b3c5-f14057cfb92a,23e4cfa3-8d11-455e-a5cb-1b92b22bb14d,https://images.example.com/products/ACC-6597_3.jpg,Product image 3 of ACC-6597,2
be04f7b1-b545-49a5-9959-0cee431b149f,078cb6b1-48fb-4d04-8198-02b2a4ba479e,https://images.example.com/products/ACC-7435_1.jpg,Product image 1 of ACC-7435,0
360d7ebc-571a-43e5-a7bc-a6c656619680,4f7b9dfc-1b0c-4530-9f1c-d75e6834d03f,https://images.example.com/products/ACC-3044_1.jpg,Product image 1 of ACC-3044,0
030550b0-3c60-4282-b769-89f385805d77,e7a24dc7-db39-45a6-b963-d754586054a7,https://images.example.com/products/ACC-4623_1.jpg,Product image 1 of ACC-4623,0
d87707bd-9762-4f1f-b425-c3c1f5a0cf0c,e7a24dc7-db39-45a6-b963-d754586054a7,https://images.example.com/products/ACC-4623_2.jpg,Product image 2 of ACC-4623,1
f3808c49-087c-444e-b676-744ae967b677,2378653d-ca7f-4ba3-91b0-fdf82ea394c6,https://images.example.com/products/ACC-3793_1.jpg,Product image 1 of ACC-3793,0
8665b050-e25b-4efa-8bca-ff3f3d7ffb7d,2378653d-ca7f-4ba3-91b0-fdf82ea394c6,https://images.example.com/products/ACC-3793_2.jpg,Product image 2 of ACC-3793,1
d94c9b00-9420-411d-b282-c8e76f80cbcf,2378653d-ca7f-4ba3-91b0-fdf82ea394c6,https://images.example.com/products/ACC-3793_3.jpg,Product image 3 of ACC-3793,2
e99d67c7-dc2f-4e3c-b781-96a5f1f6be37,7a918392-a726-4177-9c37-49ead1a96498,https://images.example.com/products/ACC-4143_1.jpg,Product image 1 of ACC-4143,0
6ed51b92-97d7-4865-a167-12107e8f69cd,7a918392-a726-4177-9c37-49ead1a96498,https://images.example.com/products/ACC-4143_2.jpg,Product image 2 of ACC-4143,1
62c55612-0f40-4746-9a63-88d9887274fc,7a918392-a726-4177-9c37-49ead1a96498,https://images.example.com/products/ACC-4143_3.jpg,Product image 3 of ACC-4143,2
0f3f68b3-a11b-497b-b7d0-e6218e642ade,7a918392-a726-4177-9c37-49ead1a96498,https://images.example.com/products/ACC-4143_4.jpg,Product image 4 of ACC-4143,3
78872c53-0f38-415f-8a63-6c2bd0b1f452,e8de662e-ea59-4ad2-b2f2-81952686ecea,https://images.example.com/products/ACC-9119_1.jpg,Product image 1 of ACC-9119,0
1e546014-8e31-4a9a-92a1-c7f1dc6a3ffa,e8de662e-ea59-4ad2-b2f2-81952686ecea,https://images.example.com/products/ACC-9119_2.jpg,Product image 2 of ACC-9119,1
6c793d52-d468-4542-a565-cf24ac86f931,c486682d-244c-4454-bcda-835466a30236,https://images.example.com/products/ACC-4696_1.jpg,Product image 1 of ACC-4696,0
79329708-debc-4673-a278-0e0fa7a40b26,c486682d-244c-4454-bcda-835466a30236,https://images.example.com/products/ACC-4696_2.jpg,Product image 2 of ACC-4696,1
3fc50e81-8de3-43a5-86b3-91105823b303,c486682d-244c-4454-bcda-835466a30236,https://images.example.com/products/ACC-4696_3.jpg,Product image 3 of ACC-4696,2
bd60e1f5-b927-483f-b97e-bc5d38e076ec,354d9978-b3ca-4265-bddb-c00d1df65be0,https://images.example.com/products/ACC-5102_1.jpg,Product image 1 of ACC-5102,0
1f2cf176-329a-4120-9707-42a800ed3bfa,354d9978-b3ca-4265-bddb-c00d1df65be0,https://images.example.com/products/ACC-5102_2.jpg,Product image 2 of ACC-5102,1
2f5b562d-ba94-40fd-b2ef-f3a82f0b6e0e,354d9978-b3ca-4265-bddb-c00d1df65be0,https://images.example.com/products/ACC-5102_3.jpg,Product image 3 of ACC-5102,2
0e32f399-c032-4049-be17-8403d5c53a33,354d9978-b3ca-4265-bddb-c00d1df65be0,https://images.example.com/products/ACC-5102_4.jpg,Product image 4 of ACC-5102,3
b6aab796-f339-4135-98e5-c613e1876cf5,b87ea0c9-29af-4a3a-9ddb-1e2255d5ed52,https://images.example.com/products/ACC-2401_1.jpg,Product image 1 of ACC-2401,0
e13a4715-2d6f-4fab-8edd-c02698c44df5,b87ea0c9-29af-4a3a-9ddb-1e2255d5ed52,https://images.example.com/products/ACC-2401_2.jpg,Product image 2 of ACC-2401,1
ae9597ef-583e-458c-afeb-cc29e1f9065d,b87ea0c9-29af-4a3a-9ddb-1e2255d5ed52,https://images.example.com/products/ACC-2401_3.jpg,Product image 3 of ACC-2401,2
0c999b05-71f4-493c-a0b6-9896adda8ca4,b87ea0c9-29af-4a3a-9ddb-1e2255d5ed52,https://images.example.com/products/ACC-2401_4.jpg,Product image 4 of ACC-2401,3
533213f9-8f47-41de-b862-82f0630a5e78,93f54268-3877-43c2-b776-eeafbc5381bd,https://images.example.com/products/ACC-5831_1.jpg,Product image 1 of ACC-5831,0
983959be-b111-4bbf-8d2e-3d5802a2f5a2,93f54268-3877-43c2-b776-eeafbc5381bd,https://images.example.com/products/ACC-5831_2.jpg,Product image 2 of ACC-5831,1
27dc082b-aa06-404f-9ffd-f98cd4be4303,2ec26918-1d00-4b8e-bd78-6099a5663a1f,https://images.example.com/products/ACC-1425_1.jpg,Product image 1 of ACC-1425,0
d46f673f-665d-4730-bc4e-90acc8c45ff5,2ec26918-1d00-4b8e-bd78-6099a5663a1f,https://images.example.com/products/ACC-1425_2.jpg,Product image 2 of ACC-1425,1
df727bc3-1111-4849-a8e2-223170e45241,2ec26918-1d00-4b8e-bd78-6099a5663a1f,https://images.example.com/products/ACC-1425_3.jpg,Product image 3 of ACC-1425,2
272eb2a1-02da-40c0-9eaa-1d0a026206cd,06b549eb-40af-4891-b48d-1096e2719b39,https://images.example.com/products/ACC-8887_1.jpg,Product image 1 of ACC-8887,0
49047998-896c-49ef-84ad-f816dded9443,e9e4e2ac-3a85-4a76-a4ea-78dafdf844ee,https://images.example.com/products/ACC-3415_1.jpg,Product image 1 of ACC-3415,0
c1627cb9-ea3a-4509-8e30-24d6d08d0ff8,e9e4e2ac-3a85-4a76-a4ea-78dafdf844ee,https://images.example.com/products/ACC-3415_2.jpg,Product image 2 of ACC-3415,1
7132271c-6911-4a3e-86a9-f10e069c0eeb,ca033b73-05f5-4fa9-9348-dba821498f34,https://images.example.com/products/ACC-4297_1.jpg,Product image 1 of ACC-4297,0
0712c399-0480-479f-bcd5-4d9bda05cfc4,ca033b73-05f5-4fa9-9348-dba821498f34,https://images.example.com/products/ACC-4297_2.jpg,Product image 2 of ACC-4297,1
f84b012e-edac-431a-8a30-c4722c62c3cf,9dd3fa57-6473-4ff6-9f9e-2c6824c8c260,https://images.example.com/products/ACC-9125_1.jpg,Product image 1 of ACC-9125,0
339b777b-ac5b-4914-89fc-2d589a108e05,9dd3fa57-6473-4ff6-9f9e-2c6824c8c260,https://images.example.com/products/ACC-9125_2.jpg,Product image 2 of ACC-9125,1
2a5d2550-d478-4f3a-a1c9-6dab7bc2f1e9,847e598e-4dca-4062-bdb8-2261a7409cd8,https://images.example.com/products/ACC-6863_1.jpg,Product image 1 of ACC-6863,0
55303913-1f1e-492a-b577-40286d073e26,847e598e-4dca-4062-bdb8-2261a7409cd8,https://images.example.com/products/ACC-6863_2.jpg,Product image 2 of ACC-6863,1
c2aafcb9-918b-4824-930c-9ab7f63ed5bb,847e598e-4dca-4062-bdb8-2261a7409cd8,https://images.example.com/products/ACC-6863_3.jpg,Product image 3 of ACC-6863,2
e8afa690-17ae-40f0-b1a1-8d4f4a70574d,847e598e-4dca-4062-bdb8-2261a7409cd8,https://images.example.com/products/ACC-6863_4.jpg,Product image 4 of ACC-6863,3
e85aded1-6819-4f32-8d2e-51390f71d640,d33ed18c-d598-43bd-bb9d-a459fb866368,https://images.example.com/products/BAG-6567_1.jpg,Product image 1 of BAG-6567,0
59127de1-f313-4638-b708-c233a9c7f02c,d33ed18c-d598-43bd-bb9d-a459fb866368,https://images.example.com/products/BAG-6567_2.jpg,Product image 2 of BAG-6567,1
e5bad0e4-8316-41a2-af1a-a7433e780260,d33ed18c-d598-43bd-bb9d-a459fb866368,https://images.example.com/products/BAG-6567_3.jpg,Product image 3 of BAG-6567,2
29c9732e-8632-48f2-92d9-c08eb4e47512,a1ad591c-e6ed-4c9c-9454-432914a14597,https://images.example.com/products/BAG-8474_1.jpg,Product image 1 of BAG-8474,0
f420a5df-87fc-4a4a-9926-cd95f0116d90,d74357eb-88b0-49dc-afda-9187582b2d60,https://images.example.com/products/BAG-7131_1.jpg,Product image 1 of BAG-7131,0
215699ee-35c1-4cc4-ab1d-b0ed23dede5b,d74357eb-88b0-49dc-afda-9187582b2d60,https://images.example.com/products/BAG-7131_2.jpg,Product image 2 of BAG-7131,1
c192e8e8-e30f-4450-9b9f-7d5f8a9c3d1b,d74357eb-88b0-49dc-afda-9187582b2d60,https://images.example.com/products/BAG-7131_3.jpg,Product image 3 of BAG-7131,2
0f709842-6413-438e-8272-2ae3550f1426,a2db520b-a9fc-41cd-98c1-5e3d22a334e9,https://images.example.com/products/BAG-3071_1.jpg,Product image 1 of BAG-3071,0
52d81430-358f-4c6e-b289-b61774a7449f,a2db520b-a9fc-41cd-98c1-5e3d22a334e9,https://images.example.com/products/BAG-3071_2.jpg,Product image 2 of BAG-3071,1
15dc34e0-c618-49cb-ba02-28fa5e5049e9,1abaca49-17dd-435e-841f-28f0c4b9523e,https://images.example.com/products/BAG-3932_1.jpg,Product image 1 of BAG-3932,0
fd69d147-c6da-4231-a87f-8bddbea176ba,1abaca49-17dd-435e-841f-28f0c4b9523e,https://images.example.com/products/BAG-3932_2.jpg,Product image 2 of BAG-3932,1
6976361b-02df-4f4c-897f-e2265e72940c,1abaca49-17dd-435e-841f-28f0c4b9523e,https://images.example.com/products/BAG-3932_3.jpg,Product image 3 of BAG-3932,2
9d7999e7-96a1-4a52-82c0-c3cc5a84ef48,1abaca49-17dd-435e-841f-28f0c4b9523e,https://images.example.com/products/BAG-3932_4.jpg,Product image 4 of BAG-3932,3
f9c31078-4515-4726-993f-244a602362d2,158ffa19-d05a-4ed0-bd5c-d7800181842b,https://images.example.com/products/BAG-4840_1.jpg,Product image 1 of BAG-4840,0
abe8cc61-ef29-4009-87a3-cce9486d42ce,158ffa19-d05a-4ed0-bd5c-d7800181842b,https://images.example.com/products/BAG-4840_2.jpg,Product image 2 of BAG-4840,1
10796bb6-5eb3-4b9b-b1a9-2b31fb8cb464,158ffa19-d05a-4ed0-bd5c-d7800181842b,https://images.example.com/products/BAG-4840_3.jpg,Product image 3 of BAG-4840,2
0d6ad50e-3f43-470d-aa1b-c5983426fa8d,158ffa19-d05a-4ed0-bd5c-d7800181842b,https://images.example.com/products/BAG-4840_4.jpg,Product image 4 of BAG-4840,3
06ee0852-87c0-4a9b-bbec-67073dc27677,8e07bdd4-87d1-4cea-878e-39e29cc416ab,https://images.example.com/products/BAG-4771_1.jpg,Product image 1 of BAG-4771,0
066bb155-3f62-42c4-b42a-2a709a1f1a01,8e07bdd4-87d1-4cea-878e-39e29cc416ab,https://images.example.com/products/BAG-4771_2.jpg,Product image 2 of BAG-4771,1
6d236f23-9916-459e-9f86-8a0249d98f62,c1359eeb-d573-49ab-b69a-68f83211089b,https://images.example.com/products/BAG-4830_1.jpg,Product image 1 of BAG-4830,0
ca72cc19-fafd-43c5-9d70-1f39c34b01fd,c1359eeb-d573-49ab-b69a-68f83211089b,https://images.example.com/products/BAG-4830_2.jpg,Product image 2 of BAG-4830,1
0b170ebf-6527-4fcb-807d-30eccda0bb8d,c1359eeb-d573-49ab-b69a-68f83211089b,https://images.example.com/products/BAG-4830_3.jpg,Product image 3 of BAG-4830,2
3661d1f2-5b4a-44d6-a8aa-33a9bdb7b9b3,c1359eeb-d573-49ab-b69a-68f83211089b,https://images.example.com/products/BAG-4830_4.jpg,Product image 4 of BAG-4830,3
05689942-607e-4fb7-a822-8f21082ba5b3,6a21cb7c-f25e-404b-a05d-870382b4bba8,https://images.example.com/products/BAG-1627_1.jpg,Product image 1 of BAG-1627,0
eaa3edf0-6473-421a-b8cb-9ebc416bdf4e,6a21cb7c-f25e-404b-a05d-870382b4bba8,https://images.example.com/products/BAG-1627_2.jpg,Product image 2 of BAG-1627,1
998c1de0-e88e-4eed-accd-dd17d7154f7b,6a21cb7c-f25e-404b-a05d-870382b4bba8,https://images.example.com/products/BAG-1627_3.jpg,Product image 3 of BAG-1627,2
ce255b6a-b1c0-450f-ab8b-72149eeccd29,52cf3832-cc29-4a5d-9b48-f5b1480af5c9,https://images.example.com/products/BAG-5906_1.jpg,Product image 1 of BAG-5906,0
99b0f222-0634-43fd-8152-0fef9c12b074,52cf3832-cc29-4a5d-9b48-f5b1480af5c9,https://images.example.com/products/BAG-5906_2.jpg,Product image 2 of BAG-5906,1
8e540d13-afe3-4b4f-bb72-2bb240e1df6a,52cf3832-cc29-4a5d-9b48-f5b1480af5c9,https://images.example.com/products/BAG-5906_3.jpg,Product image 3 of BAG-5906,2
26aa01f1-91f9-4113-81e3-99d7b4d335b9,52cf3832-cc29-4a5d-9b48-f5b1480af5c9,https://images.example.com/products/BAG-5906_4.jpg,Product image 4 of BAG-5906,3
af184838-4f11-4834-bdaf-a143908e53e0,eecaef18-52b0-4cb5-8995-d3cc441d5ddc,https://images.example.com/products/BAG-8773_1.jpg,Product image 1 of BAG-8773,0
ef1998f8-3ea5-4ae1-a7c3-002c37295a6f,eecaef18-52b0-4cb5-8995-d3cc441d5ddc,https://images.example.com/products/BAG-8773_2.jpg,Product image 2 of BAG-8773,1
3dc8096f-741b-4862-b2e4-a1b1b2feadd0,eecaef18-52b0-4cb5-8995-d3cc441d5ddc,https://images.example.com/products/BAG-8773_3.jpg,Product image 3 of BAG-8773,2
97f1ef6d-aa44-49ac-b23f-6509f24bd8f8,988f10c3-27bd-464f-a465-23c50d91e2d9,https://images.example.com/products/BAG-7139_1.jpg,Product image 1 of BAG-7139,0
3fe27eec-68c6-423a-95f7-5dcc408c9811,988f10c3-27bd-464f-a465-23c50d91e2d9,https://images.example.com/products/BAG-7139_2.jpg,Product image 2 of BAG-7139,1
f0bbf84b-d99f-43ac-a0b3-fb8f19c91692,988f10c3-27bd-464f-a465-23c50d91e2d9,https://images.example.com/products/BAG-7139_3.jpg,Product image 3 of BAG-7139,2
0509bb9b-5e1c-45d8-a7ef-c9fe5c704098,75773aa8-282f-4da1-85f7-2a66add96c02,https://images.example.com/products/BAG-6342_1.jpg,Product image 1 of BAG-6342,0
c386ba17-fb7c-496f-aaa3-81a0e55aa450,75773aa8-282f-4da1-85f7-2a66add96c02,https://images.example.com/products/BAG-6342_2.jpg,Product image 2 of BAG-6342,1
a5d6c49d-219c-4801-b3e7-c26b5742a1d5,75773aa8-282f-4da1-85f7-2a66add96c02,https://images.example.com/products/BAG-6342_3.jpg,Product image 3 of BAG-6342,2
b8d4d05a-977b-4260-99e1-c638bd9f9947,75773aa8-282f-4da1-85f7-2a66add96c02,https://images.example.com/products/BAG-6342_4.jpg,Product image 4 of BAG-6342,3
722bd8f2-0af6-451b-9179-f80c5b4bbfe9,d3921b15-c8d4-4c94-b19f-fc83beb42514,https://images.example.com/products/BAG-8397_1.jpg,Product image 1 of BAG-8397,0
263b855d-b217-407e-bf0d-434d437a549d,d3921b15-c8d4-4c94-b19f-fc83beb42514,https://images.example.com/products/BAG-8397_2.jpg,Product image 2 of BAG-8397,1
e8248d2b-2bcc-46d2-939f-e477332f47c1,61d868f6-43c2-4bca-a33d-4eff3a4fb097,https://images.example.com/products/BAG-4373_1.jpg,Product image 1 of BAG-4373,0
99d88852-124f-46d0-8930-ef8251e21fc2,61d868f6-43c2-4bca-a33d-4eff3a4fb097,https://images.example.com/products/BAG-4373_2.jpg,Product image 2 of BAG-4373,1
d7a19200-74a4-4303-93e5-a3ea193f0609,61d868f6-43c2-4bca-a33d-4eff3a4fb097,https://images.example.com/products/BAG-4373_3.jpg,Product image 3 of BAG-4373,2
6d34413f-e2d0-4d37-93d3-c9a74a151f40,badf32ef-5958-4003-81f7-af04937f6661,https://images.example.com/products/BAG-9789_1.jpg,Product image 1 of BAG-9789,0
