id,variantId,imageUrl,altText,sortOrder
fdcdbec2-06b5-4d80-b816-f6f946efb697,0433940e-e8e3-47d0-b056-31091002a0f6,https://images.example.com/variants/MEN-6531-WXL_1.jpg,Variant image 1 of MEN-6531-WXL,0
e10b6bfd-f276-4b76-b55e-89a573953ce3,0433940e-e8e3-47d0-b056-31091002a0f6,https://images.example.com/variants/MEN-6531-WXL_2.jpg,Variant image 2 of MEN-6531-WXL,1
5764031f-5171-46ba-ba6a-bf66bbaa1eec,fb9fd2fd-0a7f-41e2-9ce8-c40dab35555f,https://images.example.com/variants/MEN-6531-PM_1.jpg,Variant image 1 of MEN-6531-PM,0
45362085-f64b-46f4-bcd8-9875212d7f2a,fb9fd2fd-0a7f-41e2-9ce8-c40dab35555f,https://images.example.com/variants/MEN-6531-PM_2.jpg,Variant image 2 of MEN-6531-PM,1
b822304e-c12e-49d8-aee4-9d95806ed18b,bd5447eb-0852-4bd8-9608-f5ec50152cf9,https://images.example.com/variants/MEN-6531-PXS_1.jpg,Variant image 1 of MEN-6531-PXS,0
c6e51bd7-52ba-42c7-a53c-2cff890fa055,bd5447eb-0852-4bd8-9608-f5ec50152cf9,https://images.example.com/variants/MEN-6531-PXS_2.jpg,Variant image 2 of MEN-6531-PXS,1
cf818a06-a6fc-4878-bd09-32db623daa45,054ded24-2dfe-400a-bb8c-7c2897ef515c,https://images.example.com/variants/MEN-6531-BXL_1.jpg,Variant image 1 of MEN-6531-BXL,0
521bbdd8-cd77-4be8-ae98-a50539b82461,c1ad0253-df26-4dc4-aa6a-7ab137b9785f,https://images.example.com/variants/MEN-6531-PL_1.jpg,Variant image 1 of MEN-6531-PL,0
19396afd-545e-4c62-851b-aa05374bc2d0,c1ad0253-df26-4dc4-aa6a-7ab137b9785f,https://images.example.com/variants/MEN-6531-PL_2.jpg,Variant image 2 of MEN-6531-PL,1
42e4e288-90f8-454f-bb0b-516d2e063467,c1ad0253-df26-4dc4-aa6a-7ab137b9785f,https://images.example.com/variants/MEN-6531-PL_3.jpg,Variant image 3 of MEN-6531-PL,2
2041cf0b-3a2e-4ec3-ad5d-acccba671d46,34e2b201-81f6-4eb3-ab7d-19c0a9473633,https://images.example.com/variants/MEN-6531-BM_1.jpg,Variant image 1 of MEN-6531-BM,0
09ca40bb-c90b-4303-b06f-14419b4ec169,01f1ec47-3ed7-435d-901b-8d6b54433410,https://images.example.com/variants/MEN-8143-WL_1.jpg,Variant image 1 of MEN-8143-WL,0
28953e11-aa2b-4096-a0b1-29d09dfd803b,a2643e3e-06ef-48b4-a7b4-dc6983ed7a5c,https://images.example.com/variants/MEN-8143-PS_1.jpg,Variant image 1 of MEN-8143-PS,0
70055aeb-be7f-4c2f-b940-f87d80cb3f72,a2643e3e-06ef-48b4-a7b4-dc6983ed7a5c,https://images.example.com/variants/MEN-8143-PS_2.jpg,Variant image 2 of MEN-8143-PS,1
de748a7f-7643-4c13-a48c-1c896c185fb4,a2643e3e-06ef-48b4-a7b4-dc6983ed7a5c,https://images.example.com/variants/MEN-8143-PS_3.jpg,Variant image 3 of MEN-8143-PS,2
b7200fa6-3713-4bac-80f6-3188f14c15ca,591a55db-bf0d-469f-be85-4d7901d38924,https://images.example.com/variants/MEN-8143-PL_1.jpg,Variant image 1 of MEN-8143-PL,0
85ef0bb1-1c37-46a1-a307-45204c4a2907,b70112c4-6c36-4422-8b62-8c0ca57dabb9,https://images.example.com/variants/MEN-8143-GXXL_1.jpg,Variant image 1 of MEN-8143-GXXL,0
6f82be7e-62ab-41eb-8b56-b64b976cf577,c9821d48-1fd1-407f-ae45-d173a8288b5b,https://images.example.com/variants/MEN-7591-BS_1.jpg,Variant image 1 of MEN-7591-BS,0
716d33f0-2173-483b-9bf8-fd8cec5a3f3e,05b16596-8dd6-4909-9664-671d594c35a8,https://images.example.com/variants/MEN-7591-GM_1.jpg,Variant image 1 of MEN-7591-GM,0
17db3b11-d37b-431a-a494-3c75202d224d,05b16596-8dd6-4909-9664-671d594c35a8,https://images.example.com/variants/MEN-7591-GM_2.jpg,Variant image 2 of MEN-7591-GM,1
2dd0ad5c-f1eb-40e8-9c3a-2a08a19c22a1,05b16596-8dd6-4909-9664-671d594c35a8,https://images.example.com/variants/MEN-7591-GM_3.jpg,Variant image 3 of MEN-7591-GM,2
22d2a4e7-cdbd-418e-ac8e-2a4c6a6439b5,4a83be73-ca6d-4dd9-b61a-d5dd07a89a5e,https://images.example.com/variants/MEN-1981-PL_1.jpg,Variant image 1 of MEN-1981-PL,0
e067ec1e-0961-4b5a-8872-35ed2ec4ce95,39b61056-e71b-41f6-a3c6-adff78a3cf96,https://images.example.com/variants/MEN-1981-BM_1.jpg,Variant image 1 of MEN-1981-BM,0
aff03474-b674-4240-97b8-989b1e576f4f,863fde2f-3e08-42b3-aee7-9bdec1d4ee50,https://images.example.com/variants/MEN-1981-GM_1.jpg,Variant image 1 of MEN-1981-GM,0
19131172-d161-49d4-84ce-3c23dac93cca,863fde2f-3e08-42b3-aee7-9bdec1d4ee50,https://images.example.com/variants/MEN-1981-GM_2.jpg,Variant image 2 of MEN-1981-GM,1
6bc7f203-73e1-483e-8bef-053a625f4aba,863fde2f-3e08-42b3-aee7-9bdec1d4ee50,https://images.example.com/variants/MEN-1981-GM_3.jpg,Variant image 3 of MEN-1981-GM,2
b9a247c9-0eca-43ab-a681-d43a4b092c68,0b91edd2-e437-48de-9605-6839f3cbe51e,https://images.example.com/variants/MEN-5702-BXL_1.jpg,Variant image 1 of MEN-5702-BXL,0
2bd452b0-c213-443c-9514-99d6fb36ec97,0b91edd2-e437-48de-9605-6839f3cbe51e,https://images.example.com/variants/MEN-5702-BXL_2.jpg,Variant image 2 of MEN-5702-BXL,1
fbfbb150-3785-4ae2-bada-5a617778ef9f,1d3aeb72-77a1-47d1-ae99-761af07a82eb,https://images.example.com/variants/MEN-5702-BXXL_1.jpg,Variant image 1 of MEN-5702-BXXL,0
e348815c-659e-4455-ba3c-e63d195e2a5d,1d3aeb72-77a1-47d1-ae99-761af07a82eb,https://images.example.com/variants/MEN-5702-BXXL_2.jpg,Variant image 2 of MEN-5702-BXXL,1
d1532bcf-2caa-4d18-8fbf-69d7c9124009,1d3aeb72-77a1-47d1-ae99-761af07a82eb,https://images.example.com/variants/MEN-5702-BXXL_3.jpg,Variant image 3 of MEN-5702-BXXL,2
ee646486-1201-40aa-8747-8533ece7a0bc,0e5d62bb-4f90-4ee4-b0fb-d76d0d3d1535,https://images.example.com/variants/MEN-5702-PL_1.jpg,Variant image 1 of MEN-5702-PL,0
9ed660b3-63b3-48b4-8189-680272aaf7cb,0e5d62bb-4f90-4ee4-b0fb-d76d0d3d1535,https://images.example.com/variants/MEN-5702-PL_2.jpg,Variant image 2 of MEN-5702-PL,1
e0cbdf33-d993-420e-9a3b-7af2314d699e,be776096-12b3-4528-a25f-59155cf6a0db,https://images.example.com/variants/MEN-5702-BL_1.jpg,Variant image 1 of MEN-5702-BL,0
dd1cd5e2-0dc6-4352-9c27-e6deb7b95557,ee570704-e502-4150-809e-3d973d409699,https://images.example.com/variants/MEN-1606-GM_1.jpg,Variant image 1 of MEN-1606-GM,0
f9beed4c-6c7c-4c2d-a283-795d999a9a59,ee570704-e502-4150-809e-3d973d409699,https://images.example.com/variants/MEN-1606-GM_2.jpg,Variant image 2 of MEN-1606-GM,1
e31d5302-abac-4ff9-988a-858f8344a3b8,c9cb3b0f-6b9b-48d1-a385-6f7614f71d7d,https://images.example.com/variants/MEN-1606-PL_1.jpg,Variant image 1 of MEN-1606-PL,0
21ece315-e355-46d8-a499-bd89bb8abc14,c9cb3b0f-6b9b-48d1-a385-6f7614f71d7d,https://images.example.com/variants/MEN-1606-PL_2.jpg,Variant image 2 of MEN-1606-PL,1
306554ea-3c9f-4c6d-84e3-309c7d2eab12,c9cb3b0f-6b9b-48d1-a385-6f7614f71d7d,https://images.example.com/variants/MEN-1606-PL_3.jpg,Variant image 3 of MEN-1606-PL,2
10e25de1-6fb0-4648-ad0c-ab38c36e1a42,81dc6801-f93e-451e-9c5e-93466e2a68d8,https://images.example.com/variants/MEN-2041-PS_1.jpg,Variant image 1 of MEN-2041-PS,0
184932bc-3d8c-41ed-84b3-01f4ad74dae3,81dc6801-f93e-451e-9c5e-93466e2a68d8,https://images.example.com/variants/MEN-2041-PS_2.jpg,Variant image 2 of MEN-2041-PS,1
e469c703-a080-460e-b63a-f4b86a93829d,81dc6801-f93e-451e-9c5e-93466e2a68d8,https://images.example.com/variants/MEN-2041-PS_3.jpg,Variant image 3 of MEN-2041-PS,2
c499b393-e85b-4149-97c7-446035a5cdda,e38a47c3-3a06-4665-ac38-9dae98a229bf,https://images.example.com/variants/MEN-2041-GS_1.jpg,Variant image 1 of MEN-2041-GS,0
c0a05155-9f56-42d9-b41e-1a87d5afaf92,e38a47c3-3a06-4665-ac38-9dae98a229bf,https://images.example.com/variants/MEN-2041-GS_2.jpg,Variant image 2 of MEN-2041-GS,1
ad6bcb77-94f1-4a3c-8f8e-575530a3f342,e38a47c3-3a06-4665-ac38-9dae98a229bf,https://images.example.com/variants/MEN-2041-GS_3.jpg,Variant image 3 of MEN-2041-GS,2
7f0a05ce-d126-4570-9592-ebf5e838d0fb,a8a14f78-a052-4e2a-bcdf-b18bd478e4f3,https://images.example.com/variants/MEN-2041-BS_1.jpg,Variant image 1 of MEN-2041-BS,0
2dedde23-543d-40c7-8893-d421762f4bfe,eeee8d0e-dc4d-4c4c-9e50-b3f4c5ac05c5,https://images.example.com/variants/WOM-5498-GXS_1.jpg,Variant image 1 of WOM-5498-GXS,0
dc09f4b6-04a7-4eb2-a331-4e9343a6738d,eeee8d0e-dc4d-4c4c-9e50-b3f4c5ac05c5,https://images.example.com/variants/WOM-5498-GXS_2.jpg,Variant image 2 of WOM-5498-GXS,1
201baec7-507a-4963-a5cc-26830e27dc9b,9fb4a6a4-e62d-41f2-ae2c-3c21f83777ef,https://images.example.com/variants/WOM-5498-WS_1.jpg,Variant image 1 of WOM-5498-WS,0
2d289f29-e70c-4bbd-bf31-e57806af5367,9fb4a6a4-e62d-41f2-ae2c-3c21f83777ef,https://images.example.com/variants/WOM-5498-WS_2.jpg,Variant image 2 of WOM-5498-WS,1
e345d297-e194-42fc-a7e6-512d63e1294e,041cecf4-283a-490a-b849-818b34ebdf3e,https://images.example.com/variants/WOM-5498-BXXL_1.jpg,Variant image 1 of WOM-5498-BXXL,0
f3d85de4-6a40-4429-866b-2aec7bd91d70,041cecf4-283a-490a-b849-818b34ebdf3e,https://images.example.com/variants/WOM-5498-BXXL_2.jpg,Variant image 2 of WOM-5498-BXXL,1
705798eb-0dc1-4b33-9911-546315722479,041cecf4-283a-490a-b849-818b34ebdf3e,https://images.example.com/variants/WOM-5498-BXXL_3.jpg,Variant image 3 of WOM-5498-BXXL,2
e87d7370-6a3e-4cec-88eb-a1a287174ca9,8e933a61-deb9-4a05-8554-72c30bff98ef,https://images.example.com/variants/WOM-5498-GS_1.jpg,Variant image 1 of WOM-5498-GS,0
ef8ba0ea-d751-486a-8a65-3bd72d2db380,8e933a61-deb9-4a05-8554-72c30bff98ef,https://images.example.com/variants/WOM-5498-GS_2.jpg,Variant image 2 of WOM-5498-GS,1
b8bd7776-9d33-4ba3-af26-4fc7aba4d009,8e933a61-deb9-4a05-8554-72c30bff98ef,https://images.example.com/variants/WOM-5498-GS_3.jpg,Variant image 3 of WOM-5498-GS,2
b1bb5a32-a4f5-4ebd-ae5d-4600a3e686e4,842f7b36-472f-4510-9121-a5ff0cb4ed40,https://images.example.com/variants/WOM-5498-GXXL_1.jpg,Variant image 1 of WOM-5498-GXXL,0
1c98e7f8-8d93-4aee-abb7-78702227f37e,842f7b36-472f-4510-9121-a5ff0cb4ed40,https://images.example.com/variants/WOM-5498-GXXL_2.jpg,Variant image 2 of WOM-5498-GXXL,1
03bd8ef0-ddb6-49fe-82d6-9ca175f3f7b0,842f7b36-472f-4510-9121-a5ff0cb4ed40,https://images.example.com/variants/WOM-5498-GXXL_3.jpg,Variant image 3 of WOM-5498-GXXL,2
a79b3cd4-8977-4842-b11f-40cd2f888e5d,14474296-a1bb-411f-8d37-4825dfcc670f,https://images.example.com/variants/WOM-6947-PXXL_1.jpg,Variant image 1 of WOM-6947-PXXL,0
d69543a5-e3b8-491c-8e7b-2c4e9eb6ec02,14474296-a1bb-411f-8d37-4825dfcc670f,https://images.example.com/variants/WOM-6947-PXXL_2.jpg,Variant image 2 of WOM-6947-PXXL,1
8e60f07b-8968-453b-a417-092d0dfc0589,14474296-a1bb-411f-8d37-4825dfcc670f,https://images.example.com/variants/WOM-6947-PXXL_3.jpg,Variant image 3 of WOM-6947-PXXL,2
b165c9d3-f948-400c-851d-1e4d7d9c1b8a,47916d33-fe0e-4af5-b829-9232b5897f57,https://images.example.com/variants/WOM-6947-BXS_1.jpg,Variant image 1 of WOM-6947-BXS,0
36a330e9-6866-453b-8c52-0a6c9f6cea86,47916d33-fe0e-4af5-b829-9232b5897f57,https://images.example.com/variants/WOM-6947-BXS_2.jpg,Variant image 2 of WOM-6947-BXS,1
13a48bde-0f17-42a8-9854-f58614bd22e1,47916d33-fe0e-4af5-b829-9232b5897f57,https://images.example.com/variants/WOM-6947-BXS_3.jpg,Variant image 3 of WOM-6947-BXS,2
ca98538c-f7fb-444e-a9ab-2c7e8a530ebf,d61a7b7c-14e7-41cc-9784-66529b0ba684,https://images.example.com/variants/WOM-6945-BM_1.jpg,Variant image 1 of WOM-6945-BM,0
01a2ef09-8f0b-4fbe-9229-e34420149148,29ad8d33-92b1-45bf-830b-150d93f76895,https://images.example.com/variants/WOM-6945-BXS_1.jpg,Variant image 1 of WOM-6945-BXS,0
5cfa8218-77e0-4a65-a38e-703396fbd58c,29ad8d33-92b1-45bf-830b-150d93f76895,https://images.example.com/variants/WOM-6945-BXS_2.jpg,Variant image 2 of WOM-6945-BXS,1
e8360405-40ad-41ab-a0a1-fe124dceaadf,a4bb9fc9-f3be-4718-b106-d6bfb4efbec8,https://images.example.com/variants/WOM-6945-YS_1.jpg,Variant image 1 of WOM-6945-YS,0
fb022531-adc2-4670-b8c4-4fbaf9bb479c,80379482-cea3-49cd-9959-48b6390b3ffd,https://images.example.com/variants/WOM-2457-BXXL_1.jpg,Variant image 1 of WOM-2457-BXXL,0
1e3adc74-a68c-4925-8dc8-34c92364de63,80379482-cea3-49cd-9959-48b6390b3ffd,https://images.example.com/variants/WOM-2457-BXXL_2.jpg,Variant image 2 of WOM-2457-BXXL,1
a513cba5-a7d4-4c04-a8d6-d9ef2624ecba,80379482-cea3-49cd-9959-48b6390b3ffd,https://images.example.com/variants/WOM-2457-BXXL_3.jpg,Variant image 3 of WOM-2457-BXXL,2
81e59fc7-31cb-48fe-b833-9c8cbd0b0eee,7ed37167-c40e-4844-84f1-40e85455fba1,https://images.example.com/variants/WOM-2457-RL_1.jpg,Variant image 1 of WOM-2457-RL,0
8c2478d5-71cc-4d78-a578-14462ae9a79e,f2d4d2b1-3eff-4a47-abd2-9130f0d14bb4,https://images.example.com/variants/WOM-2457-YXL_1.jpg,Variant image 1 of WOM-2457-YXL,0
7d68ac37-e44d-475d-953b-9dc1e5989baa,f2d4d2b1-3eff-4a47-abd2-9130f0d14bb4,https://images.example.com/variants/WOM-2457-YXL_2.jpg,Variant image 2 of WOM-2457-YXL,1
fbcc69cd-b70d-4ec6-b42a-73db91bb2cbb,f2d4d2b1-3eff-4a47-abd2-9130f0d14bb4,https://images.example.com/variants/WOM-2457-YXL_3.jpg,Variant image 3 of WOM-2457-YXL,2
a47f4a10-02dd-4040-a49d-ba7f866a3c2e,e496c059-5036-4bc3-91d8-c6bda91bd624,https://images.example.com/variants/WOM-8433-GL_1.jpg,Variant image 1 of WOM-8433-GL,0
b32a8179-051b-4b0b-b44d-190c8094eef8,8c197f52-e955-4651-b6e7-bf8948177538,https://images.example.com/variants/WOM-8433-BS_1.jpg,Variant image 1 of WOM-8433-BS,0
05572f3f-6877-4b0f-9003-8cab61571244,8c197f52-e955-4651-b6e7-bf8948177538,https://images.example.com/variants/WOM-8433-BS_2.jpg,Variant image 2 of WOM-8433-BS,1
d02ebb5a-7132-4636-b360-1fbd28eddbfa,8c197f52-e955-4651-b6e7-bf8948177538,https://images.example.com/variants/WOM-8433-BS_3.jpg,Variant image 3 of WOM-8433-BS,2
1f6bc0e3-8886-4722-9f5e-30f180bd5a8e,929cb831-866d-49c8-9456-89be27d341a7,https://images.example.com/variants/WOM-8433-GXS_1.jpg,Variant image 1 of WOM-8433-GXS,0
a6c73a07-fde5-4572-8631-bd1140af6da8,929cb831-866d-49c8-9456-89be27d341a7,https://images.example.com/variants/WOM-8433-GXS_2.jpg,Variant image 2 of WOM-8433-GXS,1
7bb5895c-ef02-45d4-b535-459377180a89,2259d413-a3ed-483e-8875-45ae088f1957,https://images.example.com/variants/WOM-7853-PS_1.jpg,Variant image 1 of WOM-7853-PS,0
036bbe2c-74c0-42d6-91cd-5b9b90620043,2259d413-a3ed-483e-8875-45ae088f1957,https://images.example.com/variants/WOM-7853-PS_2.jpg,Variant image 2 of WOM-7853-PS,1
5678eee9-16f9-40b9-a38e-ca55a2a1ae8d,2259d413-a3ed-483e-8875-45ae088f1957,https://images.example.com/variants/WOM-7853-PS_3.jpg,Variant image 3 of WOM-7853-PS,2
2d1b7c22-d0ae-49b7-8f1c-a694579f9637,3c8ca87b-58e2-41e1-ba85-8d30ac2c5e0a,https://images.example.com/variants/WOM-7853-WXXL_1.jpg,Variant image 1 of WOM-7853-WXXL,0
fc0432eb-f0b0-4c03-af7c-d919287d66c0,3c8ca87b-58e2-41e1-ba85-8d30ac2c5e0a,https://images.example.com/variants/WOM-7853-WXXL_2.jpg,Variant image 2 of WOM-7853-WXXL,1
23b4ae79-0dd2-437f-a5c5-ddf04a005f4a,3c8ca87b-58e2-41e1-ba85-8d30ac2c5e0a,https://images.example.com/variants/WOM-7853-WXXL_3.jpg,Variant image 3 of WOM-7853-WXXL,2
f3d4078d-1cf7-4d19-878a-9d4a780f87ff,b79e99df-3b51-4387-973f-a69f2965c0f4,https://images.example.com/variants/WOM-7822-BL_1.jpg,Variant image 1 of WOM-7822-BL,0
740b6556-f225-4782-95bd-7b0ccc62499d,b79e99df-3b51-4387-973f-a69f2965c0f4,https://images.example.com/variants/WOM-7822-BL_2.jpg,Variant image 2 of WOM-7822-BL,1
ed28fc72-fdb1-4722-b422-e60e57cdf154,b79e99df-3b51-4387-973f-a69f2965c0f4,https://images.example.com/variants/WOM-7822-BL_3.jpg,Variant image 3 of WOM-7822-BL,2
840ebe12-04db-4841-8748-40aa2f5f1e6a,27739a31-e68b-477e-a426-eb5077da4963,https://images.example.com/variants/WOM-7822-PXS_1.jpg,Variant image 1 of WOM-7822-PXS,0
e7c1495e-fb9c-4cd2-9a4c-85cf0a6a331a,27739a31-e68b-477e-a426-eb5077da4963,https://images.example.com/variants/WOM-7822-PXS_2.jpg,Variant image 2 of WOM-7822-PXS,1
ff319236-c4be-4c65-91dd-2146a6bf9e9f,71512d5e-ba7f-4c99-b0c2-35402ef48e40,https://images.example.com/variants/KID-2478-WXS_1.jpg,Variant image 1 of KID-2478-WXS,0
ca284581-e5c6-44c5-9a6e-114fcaf0d5a0,c0f85c36-bdd2-40d3-b319-f555aa611c7a,https://images.example.com/variants/KID-2478-PXXL_1.jpg,Variant image 1 of KID-2478-PXXL,0
5a85de46-b825-430c-8009-9e636bd12146,c0f85c36-bdd2-40d3-b319-f555aa611c7a,https://images.example.com/variants/KID-2478-PXXL_2.jpg,Variant image 2 of KID-2478-PXXL,1
887ac6cd-4605-4356-ac31-7b3e17c670fe,c0f85c36-bdd2-40d3-b319-f555aa611c7a,https://images.example.com/variants/KID-2478-PXXL_3.jpg,Variant image 3 of KID-2478-PXXL,2
f05bd536-6cc1-4a7c-8ba2-b77945a9c1dc,ea8079d2-4745-47a0-910b-14bb73ae8b81,https://images.example.com/variants/KID-2478-GM_1.jpg,Variant image 1 of KID-2478-GM,0
a65aa9ee-a452-4a1d-b1a0-9a8568083d52,ea8079d2-4745-47a0-910b-14bb73ae8b81,https://images.example.com/variants/KID-2478-GM_2.jpg,Variant image 2 of KID-2478-GM,1
4535ca23-28bc-42fd-a3d6-ff220b79caad,ea8079d2-4745-47a0-910b-14bb73ae8b81,https://images.example.com/variants/KID-2478-GM_3.jpg,Variant image 3 of KID-2478-GM,2
96587d6f-8988-4da3-87c4-b5960ff00f12,979bc1eb-ee7e-4e08-acb8-e6c9baf834dc,https://images.example.com/variants/KID-5248-PXS_1.jpg,Variant image 1 of KID-5248-PXS,0
46a7a15c-c104-48a9-98a9-0a2ffcf0bb92,979bc1eb-ee7e-4e08-acb8-e6c9baf834dc,https://images.example.com/variants/KID-5248-PXS_2.jpg,Variant image 2 of KID-5248-PXS,1
90645cea-f169-4c5b-90cc-884b51964a14,979bc1eb-ee7e-4e08-acb8-e6c9baf834dc,https://images.example.com/variants/KID-5248-PXS_3.jpg,Variant image 3 of KID-5248-PXS,2
76b1efa3-a59a-47c2-b209-957b0d030c08,85b4f6b1-1062-455a-85b3-443675adf18b,https://images.example.com/variants/KID-5248-BL_1.jpg,Variant image 1 of KID-5248-BL,0
cd8c4b72-04c0-4966-b217-adfb34e16290,85b4f6b1-1062-455a-85b3-443675adf18b,https://images.example.com/variants/KID-5248-BL_2.jpg,Variant image 2 of KID-5248-BL,1
8c946d4e-890e-4405-8e3f-0728ab90de2a,85b4f6b1-1062-455a-85b3-443675adf18b,https://images.example.com/variants/KID-5248-BL_3.jpg,Variant image 3 of KID-5248-BL,2
1fc7a360-ab97-45d6-b42a-85154f06035a,dd1ee5e4-04c4-42a7-9d05-de44f17bd7e4,https://images.example.com/variants/KID-5248-BXL_1.jpg,Variant image 1 of KID-5248-BXL,0
d77b7f34-7140-4dd5-921a-aac3737e7060,dd1ee5e4-04c4-42a7-9d05-de44f17bd7e4,https://images.example.com/variants/KID-5248-BXL_2.jpg,Variant image 2 of KID-5248-BXL,1
dc81a40c-68ea-46de-997f-d4b0eb97f1ea,dd1ee5e4-04c4-42a7-9d05-de44f17bd7e4,https://images.example.com/variants/KID-5248-BXL_3.jpg,Variant image 3 of KID-5248-BXL,2
1594be5d-c29d-4ba9-a9da-dc9fd8b8a055,46a0a6a5-25ae-40b5-872d-9cc4840b5ecd,https://images.example.com/variants/KID-5248-BXS_1.jpg,Variant image 1 of KID-5248-BXS,0
7129e0e1-afc2-427f-a6e9-c6f4e862c551,cc18f3a4-48e2-4027-87bf-8bb177b32086,https://images.example.com/variants/KID-7471-BXXL_1.jpg,Variant image 1 of KID-7471-BXXL,0
7b16c910-9a2e-4310-8495-746ead0f7687,cc18f3a4-48e2-4027-87bf-8bb177b32086,https://images.example.com/variants/KID-7471-BXXL_2.jpg,Variant image 2 of KID-7471-BXXL,1
fc42be00-643b-4429-926a-84374be5db12,cc18f3a4-48e2-4027-87bf-8bb177b32086,https://images.example.com/variants/KID-7471-BXXL_3.jpg,Variant image 3 of KID-7471-BXXL,2
8c7b8fe3-4ae1-4aef-9d3a-7f32c870db50,9e807f9f-900e-42d4-87dc-c7af3de9cb44,https://images.example.com/variants/KID-7471-BXS_1.jpg,Variant image 1 of KID-7471-BXS,0
d40efa6f-399e-4c2c-b1ec-a28611e71672,9e807f9f-900e-42d4-87dc-c7af3de9cb44,https://images.example.com/variants/KID-7471-BXS_2.jpg,Variant image 2 of KID-7471-BXS,1
f38ed7e7-e012-45c0-95d3-3b68cd38afb4,fdc576b2-0b14-43ee-81a0-36bc0a1478f3,https://images.example.com/variants/KID-7471-PM_1.jpg,Variant image 1 of KID-7471-PM,0
72e2a10c-dcbf-443e-a2a5-83984e0c0e2c,17d007a5-4dbb-4e47-b4a1-3fbbbc3eef5a,https://images.example.com/variants/KID-7471-BXXL_1.jpg,Variant image 1 of KID-7471-BXXL,0
087505a3-2de5-4d3b-b1f6-06bb6bd6772b,17d007a5-4dbb-4e47-b4a1-3fbbbc3eef5a,https://images.example.com/variants/KID-7471-BXXL_2.jpg,Variant image 2 of KID-7471-BXXL,1
e54de4ff-14e8-4c62-a22c-b2936fd77ac7,17d007a5-4dbb-4e47-b4a1-3fbbbc3eef5a,https://images.example.com/variants/KID-7471-BXXL_3.jpg,Variant image 3 of KID-7471-BXXL,2
c633a23e-22a7-4e1e-9b2b-a4ac25d78368,3377d7c2-45ef-42c3-8093-b1b91487442e,https://images.example.com/variants/KID-2043-PXXL_1.jpg,Variant image 1 of KID-2043-PXXL,0
04252b74-3a35-4855-84c0-c8c1a90899d1,3377d7c2-45ef-42c3-8093-b1b91487442e,https://images.example.com/variants/KID-2043-PXXL_2.jpg,Variant image 2 of KID-2043-PXXL,1
5b123bd6-d76c-4ab3-bf6a-063b896ed0d1,3377d7c2-45ef-42c3-8093-b1b91487442e,https://images.example.com/variants/KID-2043-PXXL_3.jpg,Variant image 3 of KID-2043-PXXL,2
b0f11e05-5def-41bc-bb8c-81df76a6d711,7ae443c4-144f-4113-991d-2d566566c693,https://images.example.com/variants/KID-2043-WM_1.jpg,Variant image 1 of KID-2043-WM,0
7447fb83-f2b5-48ba-8fb1-8b364bb1733b,c03b0777-1d04-4139-bdb3-fa52189e0165,https://images.example.com/variants/KID-2043-RXL_1.jpg,Variant image 1 of KID-2043-RXL,0
c38e23f0-ebab-446b-bf5f-3dbda0d1cd28,8f9aa6a7-1217-4a8e-bd2c-500f363af89a,https://images.example.com/variants/KID-2043-WXS_1.jpg,Variant image 1 of KID-2043-WXS,0
7486fa1b-aba4-4e78-9372-51737265622d,1d4fa13d-5432-465a-abdb-b3e01b874b13,https://images.example.com/variants/KID-2043-YM_1.jpg,Variant image 1 of KID-2043-YM,0
9a2f8afb-1b3b-4cdd-8c4e-5e3abbfa9518,1d4fa13d-5432-465a-abdb-b3e01b874b13,https://images.example.com/variants/KID-2043-YM_2.jpg,Variant image 2 of KID-2043-YM,1
a6639ac8-1deb-4f3c-9ec5-b326134fccc6,3ee61dcf-5815-4bed-be0f-65ac413cce09,https://images.example.com/variants/KID-2043-RXXL_1.jpg,Variant image 1 of KID-2043-RXXL,0
9ee31b4b-ef74-4019-9a2d-75c8d174468a,199e4b20-2ec7-46bb-8f8d-9d37956ac052,https://images.example.com/variants/KID-1826-BL_1.jpg,Variant image 1 of KID-1826-BL,0
35f8373b-816d-45c6-9b42-3c7c8ed3ecec,199e4b20-2ec7-46bb-8f8d-9d37956ac052,https://images.example.com/variants/KID-1826-BL_2.jpg,Variant image 2 of KID-1826-BL,1
fde95dd2-04d9-44bc-b03c-0f0bca144c66,199e4b20-2ec7-46bb-8f8d-9d37956ac052,https://images.example.com/variants/KID-1826-BL_3.jpg,Variant image 3 of KID-1826-BL,2
b258a1ea-7a13-4e80-8678-95de9dfd8e5a,db8b6c4f-cf87-45f2-af08-dc8e7893f411,https://images.example.com/variants/KID-1826-PXXL_1.jpg,Variant image 1 of KID-1826-PXXL,0
b7b55ccd-d6e1-4ae6-8cb6-b3057c2801f1,db8b6c4f-cf87-45f2-af08-dc8e7893f411,https://images.example.com/variants/KID-1826-PXXL_2.jpg,Variant image 2 of KID-1826-PXXL,1
ff9d2720-d237-429a-b941-226447f5f1d9,cfc2247f-ae7c-4b88-ab8e-63c0d1a0e8d9,https://images.example.com/variants/KID-1826-BS_1.jpg,Variant image 1 of KID-1826-BS,0
4cdf1103-dccb-4512-a157-e05992ec5523,3ab3ee46-c8b2-4e05-a6df-5b3619d0953b,https://images.example.com/variants/KID-5019-GXS_1.jpg,Variant image 1 of KID-5019-GXS,0
83209b6d-2d70-44a6-9f84-74c0b2926dce,3ab3ee46-c8b2-4e05-a6df-5b3619d0953b,https://images.example.com/variants/KID-5019-GXS_2.jpg,Variant image 2 of KID-5019-GXS,1
db2ff08d-48c4-430f-bee5-9140cb3b008f,54a61385-6ff3-4148-b2c4-0b17742a0bcc,https://images.example.com/variants/KID-5019-BS_1.jpg,Variant image 1 of KID-5019-BS,0
24e7f314-7fef-4496-a424-06d6dd46bd97,54a61385-6ff3-4148-b2c4-0b17742a0bcc,https://images.example.com/variants/KID-5019-BS_2.jpg,Variant image 2 of KID-5019-BS,1
8001fb95-bbed-4021-8b5f-a1750d42e637,0c9c2ae1-af20-48dc-9b69-e12bd5338352,https://images.example.com/variants/KID-5019-PM_1.jpg,Variant image 1 of KID-5019-PM,0
ec389f47-427e-4d31-ae1f-b2274ab7dbe8,0c9c2ae1-af20-48dc-9b69-e12bd5338352,https://images.example.com/variants/KID-5019-PM_2.jpg,Variant image 2 of KID-5019-PM,1
f0e132f6-02ef-4a7f-921a-d111b9bd8830,206f8dc1-679c-4468-8bd3-b767b0728f4e,https://images.example.com/variants/SHO-8111-PS_1.jpg,Variant image 1 of SHO-8111-PS,0
f95dcc81-e671-4827-a313-1875c0703249,d13e8244-4c48-4e27-9626-27f052d90514,https://images.example.com/variants/SHO-8111-WXL_1.jpg,Variant image 1 of SHO-8111-WXL,0
86003cdb-c5db-4687-b7cf-8792d9908fb1,d13e8244-4c48-4e27-9626-27f052d90514,https://images.example.com/variants/SHO-8111-WXL_2.jpg,Variant image 2 of SHO-8111-WXL,1
9ed640b1-4447-4393-8db9-ffba6895d792,ba608da1-e276-4aa7-adb0-1b17b7503a68,https://images.example.com/variants/SHO-8111-BM_1.jpg,Variant image 1 of SHO-8111-BM,0
f6c4a06b-a71e-4483-bf2f-1824f08777d7,a2acf9eb-ef3f-46af-ad8f-0768075ce0ba,https://images.example.com/variants/SHO-2380-YL_1.jpg,Variant image 1 of SHO-2380-YL,0
d19e2c63-3cdf-4d38-aa39-b10d94022ef7,a2acf9eb-ef3f-46af-ad8f-0768075ce0ba,https://images.example.com/variants/SHO-2380-YL_2.jpg,Variant image 2 of SHO-2380-YL,1
c523ac10-68c3-4dd1-93dc-ffeff0e77fc0,55003295-2a5e-48d7-80cd-6cc5ed337b08,https://images.example.com/variants/SHO-2380-PL_1.jpg,Variant image 1 of SHO-2380-PL,0
6dcf69c6-d364-4852-8db6-0bb5d330772b,55003295-2a5e-48d7-80cd-6cc5ed337b08,https://images.example.com/variants/SHO-2380-PL_2.jpg,Variant image 2 of SHO-2380-PL,1
4bb29fa2-85b0-44e7-9e71-5cf387c95b7e,55003295-2a5e-48d7-80cd-6cc5ed337b08,https://images.example.com/variants/SHO-2380-PL_3.jpg,Variant image 3 of SHO-2380-PL,2
04ce114a-3f5e-40d2-8e1d-fa2b7e2bc688,15a3991a-7cdd-41e1-be65-9dd5d61132af,https://images.example.com/variants/SHO-4954-GL_1.jpg,Variant image 1 of SHO-4954-GL,0
3fadea85-e54f-4c79-848f-c638b7251421,eecdc58c-9e1a-44f2-b6a8-5c6001ab12f7,https://images.example.com/variants/SHO-4954-PXS_1.jpg,Variant image 1 of SHO-4954-PXS,0
7afab34f-e0ed-4d12-92bc-5959b94a8f45,eecdc58c-9e1a-44f2-b6a8-5c6001ab12f7,https://images.example.com/variants/SHO-4954-PXS_2.jpg,Variant image 2 of SHO-4954-PXS,1
62a8a5c7-34cc-4816-999a-c480496d3418,eecdc58c-9e1a-44f2-b6a8-5c6001ab12f7,https://images.example.com/variants/SHO-4954-PXS_3.jpg,Variant image 3 of SHO-4954-PXS,2
52899b67-1e9a-446b-9999-c63b0821dc9f,99cc36c9-9422-4ba3-8349-48b45419fba2,https://images.example.com/variants/SHO-4954-BXL_1.jpg,Variant image 1 of SHO-4954-BXL,0
35d01fa6-328b-41dd-8a58-e3290f7f7b7d,f2995772-ba09-4301-b453-70bc96a6a9b9,https://images.example.com/variants/SHO-4954-GM_1.jpg,Variant image 1 of SHO-4954-GM,0
10502065-92e6-4c62-bdda-baf6be8e28cf,f2995772-ba09-4301-b453-70bc96a6a9b9,https://images.example.com/variants/SHO-4954-GM_2.jpg,Variant image 2 of SHO-4954-GM,1
27d40013-b3a2-4f7c-baec-4d4172d7aa65,c7e85350-92a8-4eb6-b064-3a0608b83c0a,https://images.example.com/variants/SHO-4954-PM_1.jpg,Variant image 1 of SHO-4954-PM,0
b831b9f2-6da7-472d-ad5f-f6a355771778,c7e85350-92a8-4eb6-b064-3a0608b83c0a,https://images.example.com/variants/SHO-4954-PM_2.jpg,Variant image 2 of SHO-4954-PM,1
01dbe436-fa6c-4448-98c7-7128ea89571a,90f11cd0-f576-45a7-8901-eb1a3bfb9e75,https://images.example.com/variants/SHO-8424-BM_1.jpg,Variant image 1 of SHO-8424-BM,0
862d580a-fc2f-4138-9a8b-dc90b7230415,90f11cd0-f576-45a7-8901-eb1a3bfb9e75,https://images.example.com/variants/SHO-8424-BM_2.jpg,Variant image 2 of SHO-8424-BM,1
5112324d-0261-40e3-817a-f1d073b0bd76,877a12bf-a510-407e-b187-d3a0802aadac,https://images.example.com/variants/SHO-8424-BS_1.jpg,Variant image 1 of SHO-8424-BS,0
04377589-7932-43df-8122-672561a724ae,877a12bf-a510-407e-b187-d3a0802aadac,https://images.example.com/variants/SHO-8424-BS_2.jpg,Variant image 2 of SHO-8424-BS,1
3884bd6e-98ba-4a4d-8703-e27e1c652095,3f208778-1ee4-4f3f-ba67-c93a9166e2ef,https://images.example.com/variants/SHO-8424-RXL_1.jpg,Variant image 1 of SHO-8424-RXL,0
878b2cb5-27e6-4e85-8013-6bdb3c600e91,3f208778-1ee4-4f3f-ba67-c93a9166e2ef,https://images.example.com/variants/SHO-8424-RXL_2.jpg,Variant image 2 of SHO-8424-RXL,1
edfa08ff-a1dd-44d5-a389-94592ca1d18c,ffac5e6f-c109-418e-803a-98c1123582cb,https://images.example.com/variants/SHO-8424-PL_1.jpg,Variant image 1 of SHO-8424-PL,0
24999c71-9eb1-496c-a216-7199f9672282,5ccfdf88-2dda-4f71-b5d2-96ee09d13091,https://images.example.com/variants/SHO-8424-YL_1.jpg,Variant image 1 of SHO-8424-YL,0
a079c759-251c-42d2-af62-3bf3dbff5c4f,6cc96cf3-8a09-4b33-a72d-4e8a3509875d,https://images.example.com/variants/SHO-8942-BL_1.jpg,Variant image 1 of SHO-8942-BL,0
b12dd7a0-7496-41ac-97b7-8aa7d57b3b2f,6cc96cf3-8a09-4b33-a72d-4e8a3509875d,https://images.example.com/variants/SHO-8942-BL_2.jpg,Variant image 2 of SHO-8942-BL,1
a2db7e1b-49a2-4e76-9f3f-35fd4f5f5902,6cc96cf3-8a09-4b33-a72d-4e8a3509875d,https://images.example.com/variants/SHO-8942-BL_3.jpg,Variant image 3 of SHO-8942-BL,2
f44dd6ac-3d36-47d9-8d5b-fd22de4a69ed,c1f41c12-7be8-4ad2-8486-f18550017ad0,https://images.example.com/variants/SHO-8942-PXL_1.jpg,Variant image 1 of SHO-8942-PXL,0
6c23bf68-d82c-4303-9979-fc486d708e5c,c1f41c12-7be8-4ad2-8486-f18550017ad0,https://images.example.com/variants/SHO-8942-PXL_2.jpg,Variant image 2 of SHO-8942-PXL,1
285938e4-7686-43dc-8d27-cefc6b7361be,c1f41c12-7be8-4ad2-8486-f18550017ad0,https://images.example.com/variants/SHO-8942-PXL_3.jpg,Variant image 3 of SHO-8942-PXL,2
7a5a84d8-d328-45dd-902a-1408e7345b89,12b207af-a73d-41a3-b423-7be9c95e22b1,https://images.example.com/variants/SHO-8942-PM_1.jpg,Variant image 1 of SHO-8942-PM,0
41d3b864-9954-4faa-8277-8b3d69091703,12b207af-a73d-41a3-b423-7be9c95e22b1,https://images.example.com/variants/SHO-8942-PM_2.jpg,Variant image 2 of SHO-8942-PM,1
92ea4b1e-13f8-49d7-80af-578d70f7a81a,12b207af-a73d-41a3-b423-7be9c95e22b1,https://images.example.com/variants/SHO-8942-PM_3.jpg,Variant image 3 of SHO-8942-PM,2
1316e7d0-020b-4f59-a5a4-7e9424f11496,04421417-78fc-4307-8d5d-c40dc2e776a7,https://images.example.com/variants/SHO-8942-YXL_1.jpg,Variant image 1 of SHO-8942-YXL,0
f4870beb-0827-4b75-b8ba-0140cd2c297d,04421417-78fc-4307-8d5d-c40dc2e776a7,https://images.example.com/variants/SHO-8942-YXL_2.jpg,Variant image 2 of SHO-8942-YXL,1
7abd0222-a4cd-4e8f-b36a-1c260e4c88e6,5db9a8a4-2373-40e5-950c-440b27113167,https://images.example.com/variants/SHO-8942-YXXL_1.jpg,Variant image 1 of SHO-8942-YXXL,0
bfb723fb-9878-438e-97a8-ae040bd91dfa,11b22206-5022-4a1b-b82d-09810740f95a,https://images.example.com/variants/SHO-8942-PXXL_1.jpg,Variant image 1 of SHO-8942-PXXL,0
9c9d6529-f9a5-40fa-a4e4-affdc225e410,11b22206-5022-4a1b-b82d-09810740f95a,https://images.example.com/variants/SHO-8942-PXXL_2.jpg,Variant image 2 of SHO-8942-PXXL,1
4e6a300b-3de0-4b96-8591-7fa2e14385c2,82585bcc-038d-4672-86cc-6a3909799d00,https://images.example.com/variants/SHO-2980-YXXL_1.jpg,Variant image 1 of SHO-2980-YXXL,0
ad51de8c-65c0-4afb-9c78-b47ea2634987,82585bcc-038d-4672-86cc-6a3909799d00,https://images.example.com/variants/SHO-2980-YXXL_2.jpg,Variant image 2 of SHO-2980-YXXL,1
346179bb-faa8-48f2-830e-3a35c2476e1e,82585bcc-038d-4672-86cc-6a3909799d00,https://images.example.com/variants/SHO-2980-YXXL_3.jpg,Variant image 3 of SHO-2980-YXXL,2
c4ce7862-1efa-4a3d-83b3-bc8b9e8c6e22,0cc6b4ca-34e5-43cc-81b3-d40237f7a545,https://images.example.com/variants/SHO-2980-GM_1.jpg,Variant image 1 of SHO-2980-GM,0
dee4b36d-7758-42c9-84ba-a8717257fb42,0cc6b4ca-34e5-43cc-81b3-d40237f7a545,https://images.example.com/variants/SHO-2980-GM_2.jpg,Variant image 2 of SHO-2980-GM,1
014adf07-f5d4-4250-9317-242dd3ea6730,0cc6b4ca-34e5-43cc-81b3-d40237f7a545,https://images.example.com/variants/SHO-2980-GM_3.jpg,Variant image 3 of SHO-2980-GM,2
4083f1fc-78b5-41fa-b6d1-988a4505aa84,24b6a429-4c1b-4c11-95a2-c1049f8b88a3,https://images.example.com/variants/SHO-9863-WS_1.jpg,Variant image 1 of SHO-9863-WS,0
4ec26d1b-398a-4cbf-b652-b0cf1d634d14,9c13962e-42dd-4313-a2f0-ac4d5f16e27e,https://images.example.com/variants/SHO-9863-GXS_1.jpg,Variant image 1 of SHO-9863-GXS,0
e4516c95-d1f1-4faf-97ad-5a55ad6b1659,9c13962e-42dd-4313-a2f0-ac4d5f16e27e,https://images.example.com/variants/SHO-9863-GXS_2.jpg,Variant image 2 of SHO-9863-GXS,1
22c0755e-5c25-4cc5-b531-373b969eb692,0898c9fc-7632-4610-9b7d-3c8760ff7cbe,https://images.example.com/variants/SHO-9863-PL_1.jpg,Variant image 1 of SHO-9863-PL,0
0454f69d-0d93-4c07-b324-a674e098a95f,0898c9fc-7632-4610-9b7d-3c8760ff7cbe,https://images.example.com/variants/SHO-9863-PL_2.jpg,Variant image 2 of SHO-9863-PL,1
e694fcef-8369-4830-805e-a7074944ed4c,0898c9fc-7632-4610-9b7d-3c8760ff7cbe,https://images.example.com/variants/SHO-9863-PL_3.jpg,Variant image 3 of SHO-9863-PL,2
733fedd0-9b6c-46d2-8c45-dd8ccc4237bc,c0eeee52-d188-4140-92e6-40054ad50fae,https://images.example.com/variants/SHO-9548-BL_1.jpg,Variant image 1 of SHO-9548-BL,0
4686ea6e-5a21-4aa8-b988-c7f4998becf8,c0eeee52-d188-4140-92e6-40054ad50fae,https://images.example.com/variants/SHO-9548-BL_2.jpg,Variant image 2 of SHO-9548-BL,1
890f3ef0-960c-405d-8f2f-932352215d74,c6a21958-c3da-4062-bf8c-c13c7b21713d,https://images.example.com/variants/SHO-9548-WXXL_1.jpg,Variant image 1 of SHO-9548-WXXL,0
f9794a39-69c9-4c60-b747-75c2eeb052d8,3847fdc7-e461-43a3-acb2-029a4c5f8180,https://images.example.com/variants/SHO-9548-PXL_1.jpg,Variant image 1 of SHO-9548-PXL,0
a8d7b7c2-70a0-440b-ae08-d9b71b122f6c,3847fdc7-e461-43a3-acb2-029a4c5f8180,https://images.example.com/variants/SHO-9548-PXL_2.jpg,Variant image 2 of SHO-9548-PXL,1
f579b5e4-04be-481a-bf3e-c76109f20ccc,a9f560af-e38c-4466-985f-0c6f6ab2cfa3,https://images.example.com/variants/SHO-9548-BXS_1.jpg,Variant image 1 of SHO-9548-BXS,0
dd6f2614-a9ab-4b1b-b8da-336d9b30820e,62833715-9842-45bd-827d-37e61edf0d4c,https://images.example.com/variants/SHO-9548-YS_1.jpg,Variant image 1 of SHO-9548-YS,0
32622ae6-aac4-4f03-b590-77cfcab20d72,62833715-9842-45bd-827d-37e61edf0d4c,https://images.example.com/variants/SHO-9548-YS_2.jpg,Variant image 2 of SHO-9548-YS,1
5c7bfe0f-2520-4795-ad7e-f07f05c058b4,62833715-9842-45bd-827d-37e61edf0d4c,https://images.example.com/variants/SHO-9548-YS_3.jpg,Variant image 3 of SHO-9548-YS,2
439299c7-a0d9-4302-87aa-0d4279486762,eb4bcade-306f-41fc-ae88-2b35ab4be36a,https://images.example.com/variants/SHO-9548-PXXL_1.jpg,Variant image 1 of SHO-9548-PXXL,0
6dbb81dc-e586-4820-8392-da8ddaa7b35a,eb4bcade-306f-41fc-ae88-2b35ab4be36a,https://images.example.com/variants/SHO-9548-PXXL_2.jpg,Variant image 2 of SHO-9548-PXXL,1
99c2e6fb-ce3e-4117-8562-5736083e6abe,ae681717-528e-414e-aca6-da54da5b8ca0,https://images.example.com/variants/SHO-7583-RXS_1.jpg,Variant image 1 of SHO-7583-RXS,0
1f3ffd2e-af69-40ec-b739-a56edbdc133d,ae681717-528e-414e-aca6-da54da5b8ca0,https://images.example.com/variants/SHO-7583-RXS_2.jpg,Variant image 2 of SHO-7583-RXS,1
12d10c16-67bb-4bd4-9f7b-eaab96d7b817,7150f0a1-3e10-4127-9696-1412fd33972e,https://images.example.com/variants/SHO-7583-PXL_1.jpg,Variant image 1 of SHO-7583-PXL,0
520050ac-46f3-47af-aa40-8894bd438751,7150f0a1-3e10-4127-9696-1412fd33972e,https://images.example.com/variants/SHO-7583-PXL_2.jpg,Variant image 2 of SHO-7583-PXL,1
4ad9f8e0-c172-4293-a7f7-314b3c446365,eb369237-3587-4889-906c-58f210d24cb5,https://images.example.com/variants/SHO-7583-PS_1.jpg,Variant image 1 of SHO-7583-PS,0
f9a1eed9-6fcf-48a4-b326-329ac0a27083,eb369237-3587-4889-906c-58f210d24cb5,https://images.example.com/variants/SHO-7583-PS_2.jpg,Variant image 2 of SHO-7583-PS,1
41116679-8298-41be-bd0f-c4681b5ca20e,db6518fe-d56f-4322-a6c4-d1c55420ddb4,https://images.example.com/variants/SHO-7583-GS_1.jpg,Variant image 1 of SHO-7583-GS,0
1aecd633-0ec5-41af-ac8a-dd99db09dfb6,cfb323b8-e2ae-410f-bc47-ae3e0f9c6dda,https://images.example.com/variants/SHO-7583-BL_1.jpg,Variant image 1 of SHO-7583-BL,0
3a1b9162-3528-48ba-b613-c2b5ed3efe07,a109d6c3-e729-4b4d-b777-9f68aa31c35f,https://images.example.com/variants/SHO-3359-BXS_1.jpg,Variant image 1 of SHO-3359-BXS,0
80d397dd-47e4-44a6-87cd-6c09b2195682,a109d6c3-e729-4b4d-b777-9f68aa31c35f,https://images.example.com/variants/SHO-3359-BXS_2.jpg,Variant image 2 of SHO-3359-BXS,1
241fa882-1a06-400f-a416-d1164a2d9b36,5d39b9d8-0d7e-4fc1-a933-ab8747856e4b,https://images.example.com/variants/SHO-3359-BM_1.jpg,Variant image 1 of SHO-3359-BM,0
86274646-a925-4d9a-b15c-0baad6f9141e,5d39b9d8-0d7e-4fc1-a933-ab8747856e4b,https://images.example.com/variants/SHO-3359-BM_2.jpg,Variant image 2 of SHO-3359-BM,1
0656c2f5-38e3-4d22-91fe-9dcbe2990ffd,5d39b9d8-0d7e-4fc1-a933-ab8747856e4b,https://images.example.com/variants/SHO-3359-BM_3.jpg,Variant image 3 of SHO-3359-BM,2
1677a639-f867-4bc4-b05a-3510ae89722e,9c223d35-2dd8-4e42-a797-84dddd82d283,https://images.example.com/variants/SHO-3359-PXXL_1.jpg,Variant image 1 of SHO-3359-PXXL,0
cfe71b33-17ff-4b4d-8314-cfee316ae900,9041b1f3-c615-42b9-81c2-0fcbbc45634f,https://images.example.com/variants/SHO-3334-BM_1.jpg,Variant image 1 of SHO-3334-BM,0
8d68b6bf-49d8-4019-be89-e0fbe387aa62,9041b1f3-c615-42b9-81c2-0fcbbc45634f,https://images.example.com/variants/SHO-3334-BM_2.jpg,Variant image 2 of SHO-3334-BM,1
de7be0b0-9d8d-46cf-9c70-d5e399549e63,a9cff767-1285-4449-9ee2-b063b085aef8,https://images.example.com/variants/SHO-3334-WXS_1.jpg,Variant image 1 of SHO-3334-WXS,0
e201c54c-6312-415b-a764-18f92913c386,a9cff767-1285-4449-9ee2-b063b085aef8,https://images.example.com/variants/SHO-3334-WXS_2.jpg,Variant image 2 of SHO-3334-WXS,1
2e647f09-fdf2-47ab-b46d-a649542fc07e,42d4717c-c99f-4639-ae7a-5509025bc9f3,https://images.example.com/variants/SHO-3334-BL_1.jpg,Variant image 1 of SHO-3334-BL,0
c30e02d9-143d-412d-9cd3-6625abd75561,f0882b30-800f-4d64-90ae-85887b88d083,https://images.example.com/variants/SHO-8615-RXS_1.jpg,Variant image 1 of SHO-8615-RXS,0
d0214f44-7281-41a9-8ca1-b816bd92e6c6,a43d2166-083d-481f-b5ed-f07d8e14af9a,https://images.example.com/variants/SHO-8615-BXS_1.jpg,Variant image 1 of SHO-8615-BXS,0
382ff250-ec75-4c5b-ade4-8ec72604a8ab,a43d2166-083d-481f-b5ed-f07d8e14af9a,https://images.example.com/variants/SHO-8615-BXS_2.jpg,Variant image 2 of SHO-8615-BXS,1
68356677-8bd9-4dee-8fc7-37353a4ed57a,9bc32ebd-5735-405f-a091-f362d7459a09,https://images.example.com/variants/ACC-5990-PXL_1.jpg,Variant image 1 of ACC-5990-PXL,0
d3d90e3a-ea99-4cd0-8030-ec5642f774c5,9bc32ebd-5735-405f-a091-f362d7459a09,https://images.example.com/variants/ACC-5990-PXL_2.jpg,Variant image 2 of ACC-5990-PXL,1
d5fccbcb-244f-4034-8e7d-975855b4621f,70c8f2e8-dd5d-4c39-8b9a-24d39777839c,https://images.example.com/variants/ACC-5990-WL_1.jpg,Variant image 1 of ACC-5990-WL,0
58a81245-841a-49f2-ba37-9687df7cd37a,7c832e2f-b8b3-460e-9b44-59811d7b3deb,https://images.example.com/variants/ACC-5925-PM_1.jpg,Variant image 1 of ACC-5925-PM,0
cf5f0942-a099-4be6-afb3-2ac7d867af7a,3c818e05-c7c7-421e-9a7d-72cc1b83df8b,https://images.example.com/variants/ACC-5925-YS_1.jpg,Variant image 1 of ACC-5925-YS,0
2f56d324-6ff4-4547-8107-f9e2649d84ea,3c818e05-c7c7-421e-9a7d-72cc1b83df8b,https://images.example.com/variants/ACC-5925-YS_2.jpg,Variant image 2 of ACC-5925-YS,1
8f5acfdd-9bb8-45e4-b0ad-fb5d35ec209a,3c818e05-c7c7-421e-9a7d-72cc1b83df8b,https://images.example.com/variants/ACC-5925-YS_3.jpg,Variant image 3 of ACC-5925-YS,2
1bbab9d7-fb10-4721-8e71-d1bbcc64ead7,c026f6fc-44b8-41ff-a476-4ffb9f314e28,https://images.example.com/variants/ACC-5925-PL_1.jpg,Variant image 1 of ACC-5925-PL,0
950d64a5-c418-4cf8-a582-53e1864b23d8,c026f6fc-44b8-41ff-a476-4ffb9f314e28,https://images.example.com/variants/ACC-5925-PL_2.jpg,Variant image 2 of ACC-5925-PL,1
2d77e694-d2c5-4914-a609-8de30357b737,c026f6fc-44b8-41ff-a476-4ffb9f314e28,https://images.example.com/variants/ACC-5925-PL_3.jpg,Variant image 3 of ACC-5925-PL,2
f3ff95ab-3caa-4607-9376-1c03598a0d48,98a7d0fe-a4c7-40fe-a830-0ae169578c85,https://images.example.com/variants/ACC-5925-YXS_1.jpg,Variant image 1 of ACC-5925-YXS,0
2a2ebecb-dab1-4c58-9af2-bc72d43c3c5e,572c2d1c-9ae6-4102-8f16-447ece74d54f,https://images.example.com/variants/ACC-5925-PXXL_1.jpg,Variant image 1 of ACC-5925-PXXL,0
9d267904-2707-470a-a1b5-882ad457e4c7,572c2d1c-9ae6-4102-8f16-447ece74d54f,https://images.example.com/variants/ACC-5925-PXXL_2.jpg,Variant image 2 of ACC-5925-PXXL,1
3f8d9c65-72be-435e-be96-3f478c1e58a3,0b2fb798-e501-462f-b9b8-9a3ec688d322,https://images.example.com/variants/ACC-5925-RXL_1.jpg,Variant image 1 of ACC-5925-RXL,0
85d96738-8661-4e2f-9fc0-2469dd93b30a,b4a631a4-4886-4434-8557-bd74eaaf8fb3,https://images.example.com/variants/ACC-7435-BM_1.jpg,Variant image 1 of ACC-7435-BM,0
aede831f-46e0-439c-9fa4-a689bde42cbe,b4a631a4-4886-4434-8557-bd74eaaf8fb3,https://images.example.com/variants/ACC-7435-BM_2.jpg,Variant image 2 of ACC-7435-BM,1
70c34329-b7aa-4380-b056-90693a317413,a686fe1b-ae95-41e5-8ee1-416e1768f361,https://images.example.com/variants/ACC-7435-PXL_1.jpg,Variant image 1 of ACC-7435-PXL,0
cdd3a8ba-3505-4c76-a86f-83ee96c4076d,d220cfdf-5a3d-4077-a777-71b3d3312a9a,https://images.example.com/variants/ACC-7435-RXXL_1.jpg,Variant image 1 of ACC-7435-RXXL,0
9b872608-6c73-4f55-943e-c8f513533cd6,fe1ce961-c4bc-41f0-8f4a-eed642e9f105,https://images.example.com/variants/ACC-7435-RXXL_1.jpg,Variant image 1 of ACC-7435-RXXL,0
56dabc5c-003e-45ae-9943-3e546e45a253,fe1ce961-c4bc-41f0-8f4a-eed642e9f105,https://images.example.com/variants/ACC-7435-RXXL_2.jpg,Variant image 2 of ACC-7435-RXXL,1
d621c252-63a3-4a7b-9a83-e1f8cbabc9be,fe1ce961-c4bc-41f0-8f4a-eed642e9f105,https://images.example.com/variants/ACC-7435-RXXL_3.jpg,Variant image 3 of ACC-7435-RXXL,2
40770fe6-95b3-4f83-9523-c0ebc7073abd,21877f44-abfa-4526-933f-c2a256bacfd7,https://images.example.com/variants/ACC-4623-PS_1.jpg,Variant image 1 of ACC-4623-PS,0
21d3cf37-4c9e-4842-bd75-6d932407588d,21877f44-abfa-4526-933f-c2a256bacfd7,https://images.example.com/variants/ACC-4623-PS_2.jpg,Variant image 2 of ACC-4623-PS,1
ecf6d0ee-8515-47c4-9283-5b9c8545a709,7ec011f6-5b75-46d6-8721-1b43d87aec86,https://images.example.com/variants/ACC-4623-BXS_1.jpg,Variant image 1 of ACC-4623-BXS,0
2136de6d-b38b-42de-a513-373ad5d52703,1f75d6ae-3822-4339-8d63-bc02ce6ec028,https://images.example.com/variants/ACC-4623-BXXL_1.jpg,Variant image 1 of ACC-4623-BXXL,0
f694031a-cd36-4a47-96c9-9915aec7f89f,1f75d6ae-3822-4339-8d63-bc02ce6ec028,https://images.example.com/variants/ACC-4623-BXXL_2.jpg,Variant image 2 of ACC-4623-BXXL,1
21bf3aa7-6212-40f9-8e87-80886429d3e5,9cfd755c-d592-4348-9d72-05da7b8243de,https://images.example.com/variants/ACC-4623-BXXL_1.jpg,Variant image 1 of ACC-4623-BXXL,0
b634bac1-5d14-4061-80bb-5b1411510e05,9cfd755c-d592-4348-9d72-05da7b8243de,https://images.example.com/variants/ACC-4623-BXXL_2.jpg,Variant image 2 of ACC-4623-BXXL,1
b32126f8-3485-414f-ae07-0deeba38fb68,2c05825e-65c4-4ed0-88d5-7c90fb332edb,https://images.example.com/variants/ACC-3793-GXS_1.jpg,Variant image 1 of ACC-3793-GXS,0
2293d8d2-6cc7-48f1-9d57-6fd0cf955373,2c05825e-65c4-4ed0-88d5-7c90fb332edb,https://images.example.com/variants/ACC-3793-GXS_2.jpg,Variant image 2 of ACC-3793-GXS,1
6339f317-5e0f-4aca-a3bd-cbe66538e6e7,ab05f453-a018-469d-b801-839bc828e97d,https://images.example.com/variants/ACC-3793-WXXL_1.jpg,Variant image 1 of ACC-3793-WXXL,0
191ed237-9b55-491b-a71a-a804dbc45138,ab05f453-a018-469d-b801-839bc828e97d,https://images.example.com/variants/ACC-3793-WXXL_2.jpg,Variant image 2 of ACC-3793-WXXL,1
e18db80d-a4cc-46a8-a8e5-16e976d657d4,ec774f17-f3f7-4d78-bc7c-5e5e5ab9a4dc,https://images.example.com/variants/ACC-3793-GL_1.jpg,Variant image 1 of ACC-3793-GL,0
ef73c50f-c1f7-4479-aa6e-e35d1ea1c1dc,ec774f17-f3f7-4d78-bc7c-5e5e5ab9a4dc,https://images.example.com/variants/ACC-3793-GL_2.jpg,Variant image 2 of ACC-3793-GL,1
27d4704e-e5a3-4e5c-8dc5-bd55b07227b1,30a08abc-144c-42b8-8a24-0256365ac0d7,https://images.example.com/variants/ACC-3793-GS_1.jpg,Variant image 1 of ACC-3793-GS,0
c8cad2d9-81d0-4704-a8e4-b98b9922add6,30a08abc-144c-42b8-8a24-0256365ac0d7,https://images.example.com/variants/ACC-3793-GS_2.jpg,Variant image 2 of ACC-3793-GS,1
6dd411a0-2146-4abd-9174-7eac4d822563,999e6bd7-deea-40bb-b0f3-537f3f8de167,https://images.example.com/variants/ACC-3793-BXS_1.jpg,Variant image 1 of ACC-3793-BXS,0
9a39ca40-c481-41fe-9418-cedb1be745a0,4503b759-b779-4544-b298-52e313951080,https://images.example.com/variants/ACC-3793-RS_1.jpg,Variant image 1 of ACC-3793-RS,0
516890fe-0374-443d-9f11-285a2d072b56,4503b759-b779-4544-b298-52e313951080,https://images.example.com/variants/ACC-3793-RS_2.jpg,Variant image 2 of ACC-3793-RS,1
fa6225b7-5860-4da1-8e5a-a8d3de45888c,4503b759-b779-4544-b298-52e313951080,https://images.example.com/variants/ACC-3793-RS_3.jpg,Variant image 3 of ACC-3793-RS,2
f39728b0-9c7d-4241-b6e8-965bcfd8fc09,b7714bd0-2db8-44ce-9b6e-1c94f67e477d,https://images.example.com/variants/ACC-9119-WS_1.jpg,Variant image 1 of ACC-9119-WS,0
1a309b2b-86ad-459f-b4f9-dbb02b098c73,b7714bd0-2db8-44ce-9b6e-1c94f67e477d,https://images.example.com/variants/ACC-9119-WS_2.jpg,Variant image 2 of ACC-9119-WS,1
51e456a9-0689-4d8e-a7e7-32ed05ea2e17,085f5e26-24c4-47f2-8c17-716ad7161f95,https://images.example.com/variants/ACC-9119-PXXL_1.jpg,Variant image 1 of ACC-9119-PXXL,0
3650f91d-b9d1-4685-8f6a-685361852741,f4591301-c6ef-4a4a-84da-a4c0d3245e5b,https://images.example.com/variants/ACC-9119-GXXL_1.jpg,Variant image 1 of ACC-9119-GXXL,0
c48f90d6-b113-43c4-8eba-4ef2f6e5d45b,f4591301-c6ef-4a4a-84da-a4c0d3245e5b,https://images.example.com/variants/ACC-9119-GXXL_2.jpg,Variant image 2 of ACC-9119-GXXL,1
e034075b-70b6-4e04-8a31-74d917bcd3fc,49e089de-ca16-4be8-aba7-fcdce128b367,https://images.example.com/variants/ACC-9119-YS_1.jpg,Variant image 1 of ACC-9119-YS,0
f21f8253-0eff-49a7-bf31-87e800279587,49e089de-ca16-4be8-aba7-fcdce128b367,https://images.example.com/variants/ACC-9119-YS_2.jpg,Variant image 2 of ACC-9119-YS,1
01c59a6e-7e0d-4905-be53-e7adbf5d6710,49e089de-ca16-4be8-aba7-fcdce128b367,https://images.example.com/variants/ACC-9119-YS_3.jpg,Variant image 3 of ACC-9119-YS,2
598a5df6-4179-4819-9e5b-55797fa559c6,2eb5f56b-db84-4a7c-865f-320b74f898b9,https://images.example.com/variants/ACC-9119-BXS_1.jpg,Variant image 1 of ACC-9119-BXS,0
6e48d605-184d-4860-a473-cedea283799f,2eb5f56b-db84-4a7c-865f-320b74f898b9,https://images.example.com/variants/ACC-9119-BXS_2.jpg,Variant image 2 of ACC-9119-BXS,1
d8e03204-6218-4c83-bb66-6d961cb0aee3,f8e84d69-5298-4015-98f8-a92109931e5f,https://images.example.com/variants/ACC-4696-GL_1.jpg,Variant image 1 of ACC-4696-GL,0
19f9e32e-6df2-427d-8a2f-e520ae9b022c,e48fbdb8-927f-4706-a2b7-2e6b21669f85,https://images.example.com/variants/ACC-4696-WXS_1.jpg,Variant image 1 of ACC-4696-WXS,0
789f7182-f2db-43c6-a843-50424a5b0161,fbc61e52-cf43-45ff-9dd6-b0e215dbd058,https://images.example.com/variants/ACC-4696-BM_1.jpg,Variant image 1 of ACC-4696-BM,0
126d9ff6-5ca3-40b8-b0a4-c4c788549961,fbc61e52-cf43-45ff-9dd6-b0e215dbd058,https://images.example.com/variants/ACC-4696-BM_2.jpg,Variant image 2 of ACC-4696-BM,1
f2f9d6c8-73c3-4136-b6df-d9cf03b258b8,8be65da8-36e9-4a8a-ac04-ac65d2b9fb9d,https://images.example.com/variants/ACC-4696-BXL_1.jpg,Variant image 1 of ACC-4696-BXL,0
6a4e15b0-1219-427d-b8fe-2fbb03865e62,8be65da8-36e9-4a8a-ac04-ac65d2b9fb9d,https://images.example.com/variants/ACC-4696-BXL_2.jpg,Variant image 2 of ACC-4696-BXL,1
fdf6275c-d80f-4106-86d1-16413f983ee9,8be65da8-36e9-4a8a-ac04-ac65d2b9fb9d,https://images.example.com/variants/ACC-4696-BXL_3.jpg,Variant image 3 of ACC-4696-BXL,2
21d54762-eb94-4c3a-a18c-5c58b8199c3c,555ffd76-4e5f-49cf-840d-f41c03882608,https://images.example.com/variants/ACC-4696-PXL_1.jpg,Variant image 1 of ACC-4696-PXL,0
f076dbde-dddf-42b3-880b-73177efe94f1,555ffd76-4e5f-49cf-840d-f41c03882608,https://images.example.com/variants/ACC-4696-PXL_2.jpg,Variant image 2 of ACC-4696-PXL,1
37e02dc1-4d3b-4094-83c9-3e826a39ffed,79bcb541-582e-4c05-a6ea-c7e93defccba,https://images.example.com/variants/ACC-2401-BXL_1.jpg,Variant image 1 of ACC-2401-BXL,0
eb66bb03-e750-4487-9438-03dc6a422da6,5e0b55e3-02fb-42e8-b55e-70d369f5fbf6,https://images.example.com/variants/ACC-2401-PM_1.jpg,Variant image 1 of ACC-2401-PM,0
2ec3aba3-c547-4cab-a592-b47913947258,5e0b55e3-02fb-42e8-b55e-70d369f5fbf6,https://images.example.com/variants/ACC-2401-PM_2.jpg,Variant image 2 of ACC-2401-PM,1
3d263ee3-8574-4af4-9e7c-329087883b18,20054ee5-8ad3-4709-8afa-79dba7b0ed09,https://images.example.com/variants/ACC-1425-GXXL_1.jpg,Variant image 1 of ACC-1425-GXXL,0
b8708fc9-9a84-47c5-b631-96c9676f6f82,20054ee5-8ad3-4709-8afa-79dba7b0ed09,https://images.example.com/variants/ACC-1425-GXXL_2.jpg,Variant image 2 of ACC-1425-GXXL,1
3a9de522-88a3-494f-8c0e-e3d5c3976913,20054ee5-8ad3-4709-8afa-79dba7b0ed09,https://images.example.com/variants/ACC-1425-GXXL_3.jpg,Variant image 3 of ACC-1425-GXXL,2
f2ee0617-0d40-46c6-a19b-eea71778d29d,0bcc2db5-cf8f-42c5-8bb4-e4d1b580eb31,https://images.example.com/variants/ACC-1425-BL_1.jpg,Variant image 1 of ACC-1425-BL,0
d08faccb-bb16-4fe8-8cdd-ac5f697d900f,eb609d3f-6ab2-4acd-a9e1-52d0cfd47691,https://images.example.com/variants/ACC-1425-YS_1.jpg,Variant image 1 of ACC-1425-YS,0
b13f098a-73ed-49a5-9cbc-cc19146c8fcc,e38f5c9e-831f-4443-af2f-29025ead9584,https://images.example.com/variants/ACC-8887-PXXL_1.jpg,Variant image 1 of ACC-8887-PXXL,0
7f0ec2f6-b6a8-4cde-89fd-344c48be3ad1,0d3322e8-2191-4438-8f92-88591475bb60,https://images.example.com/variants/ACC-8887-WS_1.jpg,Variant image 1 of ACC-8887-WS,0
ddf7d080-a160-4c3d-87c1-6b24c98927ab,0d3322e8-2191-4438-8f92-88591475bb60,https://images.example.com/variants/ACC-8887-WS_2.jpg,Variant image 2 of ACC-8887-WS,1
f777fcd7-7ea7-42d2-9e45-84ce66d97fec,5512e4da-f983-40fc-a119-378b09017c36,https://images.example.com/variants/ACC-8887-RXL_1.jpg,Variant image 1 of ACC-8887-RXL,0
27cb7ea8-7de2-4cd7-834a-d6daa2d21c51,62071599-8c9e-428f-b5eb-6c4d67191afb,https://images.example.com/variants/ACC-9125-WXXL_1.jpg,Variant image 1 of ACC-9125-WXXL,0
193a8bbc-9f17-49c5-8ba9-9f6ed842addc,e44407df-3951-4549-8a80-fe07c57edeea,https://images.example.com/variants/ACC-9125-BL_1.jpg,Variant image 1 of ACC-9125-BL,0
e145e483-8c6a-4d4e-9b0b-16fab195bf26,e44407df-3951-4549-8a80-fe07c57edeea,https://images.example.com/variants/ACC-9125-BL_2.jpg,Variant image 2 of ACC-9125-BL,1
